artist,album,freq_genius
2Cellos,2Cellos,0
Deep Dark Robot,8 Songs About a Girl,0
The Young Professionals,9am to 5pm 5pm to Whenever,0
Flash Bang Grenada,10 Haters,0
Her Majesty & the Wolves,111,0
Miss A,A Class,1
Ace Augustine,The Absolute,0
Adalita,Adalita,0
Lucy Ward,Adelphi Has to Fly,0
CocknBullKid,Adulthood,0
The Adults,The Adults,0
S.C.U.M,Again into Eyes,0
Aggro Santos,AggroSantos.com,0
Syven,Aikaintaite,0
Alexis Jordan,Alexis Jordan,0
7eventh Time Down,Alive in You,0
Verah Falls,All Our Yesterdays,0
Amanda Fondell,All This Way,0
The Sand Band,All Through the Night,0
Evan Brewer,Alone,0
Cir.Cuz,Alt I Sin Tid,0
AKA,Altar Ego,0
Amaranthe,Amaranthe,0
A Pale Horse Named Death,And Hell Will Follow Me,0
Andy Grammer,Andy Grammer,0
Animetal USA,Animetal USA,0
Anna Calvi,Anna Calvi,0
Mark Stoermer,Another Life,0
Anthem Lights,Anthem Lights,0
Antonionian,Antonionian,0
The Aristocrats,The Aristocrats,0
Avion Roe,The Art of Fiction,0
Kyla La Grange,Ashes,0
Astro,Astro,0
Howie Dorough,Back to Me,0
Shlohmo,Bad Vibes,0
Dirty Beaches,Badlands,0
Momoiro Clover Z,Battle and Romance,0
Glasses Malone,Beach Cruiser,0
Beastwars,Beastwars,0
Jai McDowall,Believe,0
The Belle Brigade,The Belle Brigade,0
We Are the In Crowd,Best Intentions,0
Get Scared,Best Kind of Mess,0
Pathfinder,Beyond the Space Beyond the Time,0
Kat & Roman Kostrzewski,Bialo-czarna,1
The Joy Formidable,The Big Roar,0
Big Talk,Big Talk,0
Birdy,Birdy,0
The Black Belles,The Black Belles,0
Shabazz Palaces,Black Up,0
Mac Miller,Blue Slide Park,0
Vintage Trouble,The Bomb Shelter Sessions,0
Anna Rossinelli,Bon Voyage,0
Rainbow Arabia,Boys and Diamonds,0
BiS,Brand-new idol Society,0
The Chapman Family,Burn Your Town,0
Tennis,Cape Dory,0
Cat's Eyes,Cat's Eyes,0
Sleeper Agent,Celabraison,0
Cerebral Ballzy,Cerebral Ballzy,0
Ford & Lopatin,Channel Pressure,731
Phonte,Charity Starts at Home,0
Chiaki Kuriyama,Circus,0
Scotty McCreery,Clear as Day,0
J. Cole,Cole World: The Sideline Story,0
Collectif Paris-Africa,Collectif Paris-Africa pour l'UNICEF,0
Yellowbirds,The Color,0
Miles Kane,Colour of the Trap,0
Ringo Deathstarr,Colour Trip,0
Casey Darnell,Coming Alive,0
Gideon,Costs,0
Craig Campbell,Craig Campbell,0
David Lynch,Crazy Clown Time,0
Still Corners,Creatures of an Hour,0
Young Legionnaire,Crisis Works,0
Cults,Cults,1
Young Rebel Set,Curse Our Love,0
Brite Futures,Dark Past,0
Girls Names,Dead to Me,0
Decoder,Decoder,0
Elisa's,Det har ar bara borjan,0
Mia Martina,Devotion,0
Beady Eye,Different Gear Still Speeding,0
Cities Aviv,Digital Lows,0
Rory Scovel,Dilation,0
Northlane,Discoveries,0
Hope for the Dying,Dissimulation,0
Pac Div,The DiV,0
Emily's Army,Don't Be a Dick,0
Great Cynics,Don't Need Much,0
Falling in Reverse,The Drug in Me Is You,0
Destroy Rebuild Until God Shows,D.R.U.G.S,0
B.G. Knocc Out,Eazy-E's Protege,0
AraabMuzik,Electronic Dream,0
The Birthday Suit,The Eleventh Hour,0
Eli Lieb,Eli Lieb,0
The Horrible Crowes,Elsie,0
Emika,Emika,0
Melanie Laurent,En t'attendant,0
Auryn,Endless Road 7058,0
Dreamers of the Ghetto,Enemy/Lover,0
Gazelle Twin,The Entire City,0
Seirom,Eremitic,0
Singing Adams,Everybody Friends Now,0
Pyrrhon,An Excellent Servant But a Terrible Master,0
Dulce Maria,Extranjera - Primera Parte,0
aTelecine,The Falcon and the Pod,0
Viva Brother,Famous First Words,0
Joe Jonas,Fastlife,0
Fatoumata Diawara,Fatou,0
Austra,Feel It Break,0
Big Sean,Finally Famous,0
Christina Grimmie,Find Me,0
Chris Crocker,The First Bite,0
The Plot in You,First Born,0
CNBLUE,First Step,0
Jay Rock,Follow Me Home,0
Jamala,For Every Heart,0
Torae,For the Record,0
Romeo Santos,Formula Vol. 1,0
Frankie Ballard,Frankie Ballard,0
Dom Kennedy,From the Westside with Love II,0
The DC3,The Future Sound of Nostalgia,0
Alyssa Reid,The Game,0
Bass Drum of Death,GB City,0
Low Cut Connie,Get Out the Lotion,0
Girls' Generation,Girls' Generation,0
Travis Barker,Give the Drummer Some,0
Rustie,Glass Swords,0
Saturnian Mist,Gnostikoi Ha-Shaitan,0
WU LYF,Go Tell Fire to the Mountain,0
DELS,GOB,0
Thundercat,The Golden Age of Apocalypse,0
Funeral Party,The Golden Age of Knowhere,0
Little Scream,The Golden Record,0
Tig Notaro,Good One,0
Graham Alexander,Graham Alexander,0
Saigon,The Greatest Story Never Told,0
Intergalactic Lovers,Greetings & Salutations,0
Dinosaur Pile-Up,Growing Pains,0
miwa,Guitarissimo,0
Fallujah,The Harvest Wombs,0
Skull Fist,Head of the Pack,0
I Break Horses,Hearts,0
Rebecca Ferguson,Heaven,0
The Unguided,Hell Frost,0
Pistol Annies,Hell on Heels,0
Total Control,Henge Beat,0
Greyson Chance,Hold On 'til the Night,0
Holy Ghost!,Holy Ghost!,0
Kassidy,Hope St.,0
I Am Giant,The Horrifying Truth,0
The Standstills,The Human Element,0
Frankie & The Heartstrings,Hunger,0
Erin,Hunningolla,0
Hunter Hayes,Hunter Hayes,0
Hurtsmile,Hurtsmile,0
Times of Grace,The Hymn of a Broken Man,0
Speak,I Believe In Everything,0
The City Harmonic,I Have a Dream (It Feels Like Home),0
The Middle East,I Want That You Are Always Happy,0
Basement,I Wish I Could Stay Here,0
Pete Holmes,Impregnated With Wonder,0
Erra,Impulse,0
Givers,In Light,0
Orjan Nilsen,In My Opinion,0
Symfonia,In Paradisum,0
Little Comets,In Search of Elusive Little Comets,0
Nader Sadek,In the Flesh,0
Clams Casino,Instrumentals,0
3Ball MTY,Intentalo,0
The Leisure Society,Into the Murky Water,0
Stala & so.,It Is So.,0
Pietro Lombardi,Jackpot,0
the JaneDear girls,the JaneDear girls,0
Jonny,Jonny,0
I Fight Dragons,KABOOM!,0
Katie Waissel,Katie Waissel,0
Cali Swag District,The Kickback,0
Nicole Scherzinger,Killer Love,0
I Am Empire,Kings,0
Vampires Everywhere!,Kiss the Sun Goodbye,0
Benjamin Francis Leftwich,Last Smoke Before the Snowstorm,0
Marsha Ambrosius,Late Nights & Early Mornings,0
Alex Clare,The Lateness of the Hour,0
Hugh Laurie,Let Them Talk,0
Irma,Letter to the Lord,0
Matt Cardle,Letters,0
Birgit Bidder,The Life Home,0
Clare Maguire,Light After Dark,0
Mirrors,Lights and Offerings,0
Stephanie Cayo,Llegare,0
Zahara,Loliwe,0
Ab-Soul,Longterm Mentality,0
Brittany Hargest,Love All the Way,0
Christina Perri,Lovestrong,0
Jacob Yates and the Pearly Gate Lock Pickers,Luck,0
Go Radio,Lucky Street,0
Mademoiselle Yulia,Mademoworld,0
Cerebral Bore,Maniacal Miscreation,0
Mann,Mann's World,0
The Minutes,Marcata,0
Demonaz,March of the Norse,0
Marlon Roudette,Matter Fixed,0
Penguin Cafe,A Matter of Life...,0
Matthew Morrison,Matthew Morrison,0
Lisa Matassa,Me Time,0
Can Bonomo,Meczup,0
Middle Brother,Middle Brother,0
Mikal Cronin,Mikal Cronin,0
Stephen Jerzak,Miles and Miles,0
Mary Byrne,Mine & Yours,0
Jamie Woon,Mirrorwriting,0
Eye Empire,Moment Of Impact,0
Caligula's Horse,Moments from Ephemeral City,0
Sainthood Reps,Monoculture,0
Monstercat,Monstercat 001 - Launch Week,0
Charlene Soraia,Moonchild,0
JPM,Moonwalk,0
The Fudge,Morning Comes Again,0
Mohombi,MoveMeant,0
Seth MacFarlane,Music Is Better Than Words,0
BOY,Mutual Friends,0
The Cinema,My Blood Is Full of Airplanes,0
Of Monsters and Men,My Head Is an Animal,0
David Carreira,n. 1 (No 1),0
Naela,Naela,0
Design the Skyline,Nevaeh,0
Grouplove,Never Trust a Happy Song,0
Iceage,New Brigade,0
New Look,New Look,0
Lauri Ylonen,New World,0
Nick 13,Nick 13,0
Cloak of Altering,The Night Comes Illuminated With Death,0
Dev,The Night the Sun Came Up,0
Charles Bradley,No Time for Dreaming,0
Bamboo Manalac,No Water No Moon,0
Ed Sheeran,No. 5 Collaborations Project,0
Noel Gallagher's High Flying Birds,Noel Gallagher's High Flying Birds,0
Ninja Sex Party,NSFW,0
Mindless Behavior,#1 Girl,0
Office of Future Plans,Office of Future Plans,0
Katy B,On a Mission,0
Peter Furler,On Fire,0
Blood of the Martyrs,Once More with Feeling,0
Tesseract,One,0
Jamie Grace,One Song at a Time,0
WATERS,Out In The Light,0
Matthewdavid,Outmind,0
Pascal & Pearce,Passport,0
EMA,Past Life Martyred Saints,0
Penguin Prison,Penguin Prison,0
Natalia Kills,Perfectionist,0
Wayne Static,Pighammer,0
f(x),Pinocchio,0
Max Raptor,Portraits,0
The Jezabels,Prisoner,0
Thomas Giles,Pulse,0
YuiKaori,Puppy,0
The Internet,Purple Naked Ladies,0
MaYaN,Quarterpast,0
Quilt,Quilt,0
Yelawolf,Radioactive,0
Class Actress,Rapprocher,0
Whitton,Rare Bird,0
Rebeldes,Rebeldes,0
Fallstar,Reconciler. Refiner. Igniter.,0
Dia Frampton,Red,0
Reece Mastin,Reece Mastin,0
Tedeschi Trucks Band,Revelator,0
We Are Augustines,Rise Ye Sunken Ships,0
Deafheaven,Roads to Judah,0
Smoke DZA,Rolling Stoned,0
Ronan Parke,Ronan Parke,0
Ronnie Dunn,Ronnie Dunn,0
Runner Runner,Runner Runner,0
Mr. Envi',Rydaz Redemption,0
Ivi Adamou,San Ena Oniro,0
Alexandra Stan,Saxobeats,0
SBTRKT,SBTRKT,0
Bewized,The Scorch of Rage,0
Icon for Hire,Scripted,0
Kendrick Lamar,Section.80,0
Jessica 6,See the Light,0
Seeker Lover Keeper,Seeker Lover Keeper,0
Selah Sue,Selah Sue,0
Sepalcure,Sepalcure,0
The Rubberbandits,Serious About Men,0
ScHoolboy Q,Setbacks,0
Kuedo,Severant,0
Title Fight,Shed,0
Mary-Jess Leaverland,Shine,0
X-Pistols,Shoot To Kill,0
Kristoffer Kompen Quartet,Short Stories of Happiness,0
Six60,Six60,0
Sistar,So Cool,0
Cecimonster Vs. Donka,Solara,0
Somedaydream,Somedaydream,0
Black Spiders,Sons of the North,0
Patrick Stump,Soul Punk,0
This Century,Sound of Fire,0
Nicolas Jaar,Space Is Only Noise,0
Battle Beast,Steel,0
The Stellas,The Stellas,0
The Stepkids,The Stepkids,0
Rizzle Kicks,Stereo Typical,0
Cher Lloyd,Sticks and Stones,0
Airship,Stuck in This Ocean,0
Wolf Gang,Suego Faults,0
Tidal Arms,The Sun Exploding,0
Paradise Oskar,Sunday Songs,0
SuperHeavy,SuperHeavy,0
Wizkid,Superstar,0
Noctura,Surrender the Sun,0
DyE,Taki 183,0
MEN,Talk About Body,0
That's Outrageous!,Teenage Scream,0
Schenker's Temple of Rock,Temple of Rock,0
Fly Union,TGTC (The Greater Than Club),0
Thees Uhlmann,Thees Uhlmann,0
Phinehas,Thegodmachine,0
The Groggers,There's No 'I' in Cherem,0
Dillon,This Silence Kills,0
Thompson Square,Thompson Square,0
Thyresis,Thyresis,0
Theophilus London,Timez Are Weird These Days,0
Brothers Reid,Top of the Old Road,0
Lucy Spraggan,Top Room at the Zoo,0
Marcelo Camelo,Toque Dela,0
Foster the People,Torches,0
SebastiAn,Total,0
Aaron Lewis,Town Line,0
Mr. Dream,TrashHit,0
Dynasty,Truer Living with a Youthful Vengeance,0
We Are Defiance,Trust in Few,0
Ulrik Munther,Ulrik Munther,0
Papa vs Pretty,United in Isolation,0
Unknown Mortal Orchestra,Unknown Mortal Orchestra,0
Snow Tha Product,Unorthodox,0
One Direction,Up All Night,0
V. Rose,V. Rose,0
Volumes,Via,0
Max B,Vigilante Season,0
Esben and the Witch,Violet Cries,0
After School,Virgin,0
Verbal,Visionair,0
Kimbra,Vows,0
The Sound of Arrows,Voyage,0
Warr Acres,Warr Acres,0
Swimming With Dolphins,Water Colours,0
Raleigh Moncrief,Watered Lawn,0
Wolfgang Gartner,Weekend in America,0
Hyland,Weights & Measures,0
Nero,Welcome Reality,0
Tim Bendzko,Wenn Worte meine Sprache waren,0
Chris Medina,What Are Words,0
Ashes Remain,What I've Become,0
Nothing Til Blood,When Lambs Become Lions,0
Jessie J,Who You Are,0
Widowspeak,Widowspeak,0
Wild Flag,Wild Flag,0
Lauren Alaina,Wildflower,0
A Winged Victory for the Sullen,A Winged Victory for the Sullen,0
Washed Out,Within and Without,0
Kimberly Caldwell,Without Regret,0
Thomas Ring Petersen,Wrong Side of the Daylight,0
Xavier and Ophelia,Xavier & Ophelia,0
Youth Lagoon,The Year of Hibernation,0
SNO (Lil Wyte JellyRoll BPZ),Year Round,0
Jack Vidgen,Yes I am,0
Charlie Simpson,Young Pilgrim,0
Young Statues,Young Statues,0
Yamantaka // Sonic Titan,YT//ST,0
Yuck,Yuck,0
Zoe Badwi,Zoe,0
Demy,#1,17
Mac DeMarco,2,0
Summer Heart,About a Feeling,0
Willis Earl Beal,Acousmatic Sorcery,0
RNDM,Acts,0
Alice Caymmi,Alice Caymmi,0
Titanium,All for You,0
Tremonti,All I Was,0
Dog Is Dead,All Our Favourite Stories,0
Allen Stone,Allen Stone,0
Howler,America Give Up,0
Dads,American Radass (This Is Important),0
The D.O.T.,And That,0
Ania Teliczan,Ania Teliczan,0
Pure Love,Anthems,0
Hammercult,Anthems of the Damned,0
Anywhere,Anywhere,0
California Wives,Art History,0
Secrets,The Ascent,0
Attaloss,ATTALOSS,0
Don Broco,Automatic,0
Koncept,Awaken,0
THEESatisfaction,awE naturalE,0
alt-J,An Awesome Wave,0
Primal Rock Rebellion,Awoken Broken,0
Adler,Back from the Dead,0
Caligola,Back to Earth,0
Cover Drive,Bajan Style,0
Alex Ferrari,Bara Bere,0
2 Chainz,Based on a T.R.U. Story,1
DeStorm Power hosted by DJ Whoo Kid,Be Careful,0
The 2 Bears,Be Strong,0
Liberteer,Better to Die on Your Feet Than Live on Your Knees,0
Matthew E. White,Big Inner,0
Chris Robinson Brotherhood,Big Moon Ritual,0
ClariS,Birthday,0
Gary Clark Jr.,Blak and Blu,0
Blank Banshee,Blank Banshee 0,0
Never A Hero,Bleed Between The Lies,0
The Dunwells,Blind Sighted Faith,0
Skyharbor,Blinding White Noise: Illusion & Chaos,0
Blondes,Blondes,1
Jack White,Blunderbuss,0
Reptar,Body Faucet,0
Main Attrakionz,Bossalinis & Fooliyones,0
Grand Supreme Blood Court,Bow Down Before the Blood Court,0
Chiddy Bang,Breakfast,0
The Gaslamp Killer,Breakthrough,0
Brendon Small,Brendon Small's Galaktikon,0
Steve Harris,British Lion,0
Scott Tixier,Brooklyn Bazaar,0
Emma Hewitt,Burn The Sky Down,0
Eskimo Callboy,Bury Me in Vegas,0
The Cadillac Three,The Cadillac Three,0
Wolves at the Gate,Captors,0
Delta Rae,Carry The Fire,0
Casey Abrams,Casey Abrams,0
Casey James,Casey James,0
Glory,Celebration,0
My Tiger My Timing,Celeste,0
Kalenna Harper,Chamber of Diaries,0
Frank Ocean,Channel Orange,1
Lawson,Chapman Square,0
Zedd,Clarity,0
Jam City,Classical Curves,0
Soen,Cognitive,0
The Collective,The Collective,0
Christopher,Colours,0
Rhett Walker Band,Come to the River,0
Altars,Conclusions,0
Forever Came Calling,Contender,0
Conor Maynard,Contrast,0
Hubert Wu,Couple Getaway,0
Smitz,Cretin Crossover,0
XL,Dance All Night,0
Half Moon Run,Dark Eyes,0
The Lucky Bullets,Dead Man's Shoes,0
Dead Sara,Dead Sara,0
Being as an Ocean,Dear G-d...,0
Martin Rossiter,The Defenestration of St Martin,0
Jamie Teachenor,The Departure,0
Desmadrados Soldados de Ventura,Desmadrados Soldados de Ventura,0
Dick Valentine,Destroy the Children,0
The Swearengens,Devil Gets Her Way,0
Natalie Duncan,Devil In Me,0
Jessie Ware,Devotion,0
Yotam Ben Horin,Distant Lover,0
Django Django,Django Django,0
Little Mix,DNA,0
Doll$Boxx,Dolls Apartment,0
Meek Mill,Dreams and Nightmares,0
Tal,Le droit de rever,0
Toya Delazy,Due Drop,0
Dustin Lynch,Dustin Lynch,0
Asgeir Trausti,Dyrd i daudathogn,0
An Epic No Less,Echo of Love,0
Edens Edge,Edens Edge,0
Labrinth,Electronic Earth,0
Eme 15,Eme 15,0
Devil Sold His Soul,Empire of Light,0
Spector,Enjoy It While It Lasts,0
Angellore,Errances,0
Romanthica,Eterno,0
I Am I,Event Horizon,0
Clayton Bellamy,Everyone's a Dreamer,0
Gatekeeper,Exo,0
Egoist,Extra terrestrial Biological Entities,0
Crown the Empire,The Fallout,0
Reflections,The Fantasy Effect,0
The Farm,The Farm,2
Loyal Wife,Faux Light,0
Fear and the Nervous System,Fear and the Nervous System,0
Travis Ryan,Fearless,0
The Hood Internet,FEAT,0
Blackburner,Feel the Burn,0
Tulisa,The Female Boss,0
Chief Keef,Finally Rich,0
Flume,Flume,1
Flying Colors,Flying Colors,0
Anwynn,Forbidden Songs,0
One Sonic Society,Forever Reign,0
Husky,Forever So,0
Forgetters,Forgetters,0
Benjamin Gibbard,Former Lives,0
Travis Porter,From Day 1,0
Delilah,From the Roots Up,0
David Lindgren,Get Started,0
Polica,Give You the Ghost,0
Monuments,Gnosis,0
Rye Rye,Go! Pop! Bang!,0
Hands Like Houses,Ground Dweller,0
You Blew It!,Grow Up Dude,0
The Gypsy Queens,The Gypsy Queens,0
Jovi,H.I.V (Humanity is Vanishing),0
Elokuu,Haavaki saapuu,0
Rachael MacFarlane,Hayley Sings,0
Loreen,Heal,0
Bellarive,The Heartbeat,0
Macklemore & Ryan Lewis,The Heist,6
Bridgit Mendler,Hello My Name Is...,0
Gaz Coombes,Here Come the Bombs,0
Florida Georgia Line,Here's to the Good Times,0
The Jellyrox,Heta Himlen,0
Hiphop Tamizha,Hip Hop Tamizhan,0
Michael Kiwanuka,Home Again,0
Abu Lahab,Humid Limbs of the Torn Beadsman,0
Headspace,I Am Anonymous,0
God Seed,I Begin,0
Moriah Peters,I Choose Jesus,0
Cold Specks,I Predict a Graceful Expulsion,0
iamthemorning,~,0
Icona Pop,Icona Pop,0
Rapsody,The Idea of Beautiful,0
Eve Ai,If You Love Me,0
Desecravity,Implicit Obedience,0
Last Dinosaurs,In a Million Years,0
Military Wives,In My Dreams,0
Chad Price,In This Dream,0
Vivid,Infinity,0
Dot Hacker,Inhibition,0
Niki and the Dove,Instinct,0
The Night Flight Orchestra,Internal Affairs,0
Make Me Famous,It's Now or Never,0
Ivy Quainoo,Ivy,0
Jake Bugg,Jake Bugg,0
Jana Kramer,Jana Kramer,0
Jin Akanishi,Japonicana,0
Jennette McCurdy,Jennette McCurdy,0
Jessica Pratt,Jessica Pratt,0
Brothers McClurg,Join in the Sound,0
Dallas Smith,Jumped Right In,0
Kadavar,Kadavar,0
Eyolf Dale,The Katabatic Wind,0
Sons,Keep Quiet,0
Emel Mathlouthi,Kelmti Horra,0
JJ Doom,Key to the Kuffs,0
Kimberley Chen,Kimberley,0
iamamiwhoami,kin,0
King Tears Bat Trip,King Tears Bat Trip,0
Kis-My-Ft2,Kis-My-1st,0
SKE48,Kono Hi no Chime o Wasurenai (konoRi nochiyaimuwoWang renai),0
Robin,Koodi,0
Machine Gun Kelly,Lace Up,0
Sylencer,A Lethal Dose of Truth,0
Josh Osho,L.i.f.e,0
Squackett,A Life Within a Day,0
The Remission Flow,The Light That Floods,0
Lindsey Stirling,Lindsey Stirling,0
Haley Reinhart,Listen Up!,0
Big K.R.I.T.,Live from the Underground,0
Stiftelsen,Ljungaverk,0
Apologies I Have None,London,0
Maverick Sabre,Lonely Are the Brave,0
Zowie,Love Demolition,0
Code Orange Kids,Love Is Love/Return to Dust,0
Kira Isabella,Love Me Like That,0
Lukas Graham,Lukas Graham,0
The Lumineers,The Lumineers,0
Kongos,Lunatic,0
Roberto Bellarosa,Ma voie,0
Producers,Made in Basing Street,0
Maluma,Magia,0
Envy,The Magic Soup and the Bittersweet Faces,0
Friends,Manifest!,0
Thank You Scientist,Maps of Non-Existent Places,0
Alina Devecerski,Music Machine,0
Marcus Collins,Marcus Collins,0
Melody's Echo Chamber,Melody's Echo Chamber,0
Leon Thomas III,Metro Hearts,0
Michael Lynche,Michael Lynche,0
Riz MC,Microscope,0
The Midnight Beast,The Midnight Beast,0
Crucified Barbara,The Midnight Chase,0
Milo Greene,Milo Greene,0
Sucre,A Minor Bird,0
Lil Ugly Mane,Mista Thug Isolation,0
Aiden Grimshaw,Misty Eye,0
Villainy,Mode. Set. Clear.,0
Alex & Nilusha,Moments in Time,4
Electric Guest,Mondo,0
Froggy Fresh,Money Maker (Reloaded),0
Death Grips,The Money Store,0
Siobhan Magnus,Moonbaby,0
Moshi Monsters,Music Rox!,0
Karise Eden,My Journey,0
Luca Hanni,My Name Is Luca,0
Farrah Abraham,My Teenage Dream Ended,0
Robin Stjernberg,My Versions,0
Nephew Tommy,Nephew Tommy's Prank Phone Calls: Volume 1,0
Make Them Suffer,Neverbloom,0
Jay Farrar Will Johnson Anders Parker and Yim Yames,New Multitudes,0
Imagine Dragons,Night Visions,0
Sarah De Bono,Sarah De Bono,0
Noah Stewart,Noah,0
Adrenaline Mob,Omerta,0
Davido,Omo Baba Olowo,0
Taryn Southern,On My Face,0
Chantal Claret,The One The Only...,0
Rita Ora,Ora,0
DIIV,Oshin,0
Emeli Sande,Our Version of Events,0
Diandra,Outta My Head,0
Baptiste Giabiconi,Oxygen,0
Kool A.D.,The Palm Wine Drinkard,0
Cody Simpson,Paradise,0
Elle Varner,Perfectly Imperfect,0
Peter Buck,Peter Buck,0
Pioneer,Pioneer,0
Jay James Picton,Play It by Heart...,0
Future,Pluto,0
The Algorithm,Polymorphic Code,0
Poor Moon,Poor Moon,0
Ne Obliviscaris,Portal of I,0
JK Flesh,Posthuman,0
Inverse Phase,Pretty Eight Machine,0
Scratcha DVA,Pretty Ugly,0
John K. Samson,Provincial,0
Chris Wallace,Push Rewind,0
Laurel Halo,Quarantine,0
Ramin Karimloo,Ramin,0
Cro,Raop,0
Jeremiah Jae,Raw Money Raps,0
The Orwells,Remember When,0
Elitist,Reshape Reason,0
Francesca Michielin,Riflessi di me,0
Points North,Road Less Traveled,0
Royal Southern Brotherhood,Royal Southern Brotherhood,0
The Royal Royal,The Royalty,0
The Rubens,The Rubens,0
Youngblood,Running Home to You,0
Samantha Jade,Samantha Jade,0
Von,Satanic Blood,0
Beautiful Eulogy,Satellite Kite,0
Moxiie,Savage,0
All Sons & Daughters,Season One,28
Levi the Poet,Seasons,0
Iris,Seventeen,0
Dry The River,Shallow Bed,0
Rachael Leahcar,Shooting Star,0
Purity Ring,Shrines,0
Victoria Duffield,Shut Up and Dance,0
Twelve Foot Ninja,Silent Machine,0
Merrymouth,Simon Fowler's Merrymouth,0
Jamie McDell,Six Strings and a Sailboat,0
T & N,Slave to the Empire,58
Aimer,Sleepless Nights,0
Daveed Diggs,Small Things to a Giant,0
Kreayshawn,Somethin' 'Bout Kreay,0
Tayla Alexander,Songbird,0
Pallbearer,Sorrow and Extinction,0
Dan Le Sac,Space Between the Words,0
Freeze the Atlantic,Speakeasy,0
SpeXial,SpeXial,0
World Fire Brigade,Spreading My Wings,0
Mike Scheidt,Stay Awake,0
Crowns,Stitches in the Flag,0
Vintage Blue,Strike the Mics,0
JJAMZ,Suicide Pact,0
People on Vacation,The Summer and the Fall,0
Swearin',Swearin',0
Buffalocomotive,Tears of the Enchanted Mainframe,0
The Toure-Raichel Collective,The Tel Aviv Session,0
The Original Rudeboys,This Life,0
7 Horns 7 Eyes,Throes of Absolution,0
Ren Harvieu,Through The Night,0
Capture the Crown,'Til Death,0
My Ticket Home,To Create a Cure,0
Toy,TOY,0
The Weeknd,Trilogy,0
Totally Enormous Extinct Dinosaurs,Trouble,0
Trust,TRST,0
Diggy Simmons,Unexpected Arrival,0
Unisonic,Unisonic (album),0
Kip Moore,Up All Night,0
Kid Ink,Up & Away,0
Valley of Fear,Valley of Fear,0
Hello Venus,Venus,0
Jesse Kaikuranta,Vie mut kotiin,0
Datsik,Vitamin D,0
AxeWound,Vultures,0
Tebey,The Wait,0
Swoope,Wake Up,0
Clock Opera,Ways to Forget,0
The Overseer,We Search We Dig,0
Time Is a Thief,We're Not Strangers,0
Sevi,What Lies Beyond,0
Stepdad,Wildlife Pop,0
Windhand,Windhand,0
Steve Aoki,Wonderland,0
Phillip Phillips,The World from the Side of the Moon,0
Willam Belli,Shartistry in Motion,0
WZRD,WZRD,3
Andain,You Once Told Me,0
Birds in Row,You Me & the Violence,0
Andy Moor,Zero Point One,0
1GN,1 Girl Nation,0
Terrace Martin,3ChordFold,0
King Krule,6 Feet Beneath the Moon,0
7 Days of Funk,7 Days of Funk,0
Brandy Clark,12 Stories,0
Def Dee,33 and a Third,0
Palma Violets,180,0
Durag Dynasty,360 Waves,0
The 1975,The 1975,0
Doyle,Abominator,0
Adopted as Holograph,Adopted as Holograph,0
Gesaffelstein,Aleph,0
Black Star Riders,All Hell Breaks Loose,0
Heavatar,Opus I - All My Kingdoms,0
Ivan & Alyosha,All the Times We Had,1
All Things New,All Things New,0
Atoms for Peace,Amok,0
Andy Kaufman,Andy and His Grandmother,0
Anitta,Anitta,0
Crooked I,Apex Predator,0
Boogarins,As Plantas Que Curam,0
Alex Faith,ATLast,0
RUFUS,Atlas,0
Bastille,Bad Blood,0
Dimmi Argus,Bad Dream,0
Mamadee,Beautiful Soul,0
Jenny Simmons,The Becoming,0
Bo Bruce,Before I Sleep,0
Broiler,The Beginning,0
Kevin Walker,Belong,0
Love and Death,Between Here & Lost,0
The Rage,Big Spill,0
Arcane Roots,Blood & Chemistry,0
AlunaGeorge,Body Music,0
Chvrches,The Bones of What You Believe,0
Johnny Borrell,Borrell 1,0
Bosnian Rainbows,Bosnian Rainbows,0
Brady Toops,Brady Toops,0
Yohio,Break the Border,0
Feed Me,Calamari Tuesday,0
Capital Kings,Capital Kings,0
Eight Bells,The Captain's Daughter,0
Tim Timmons,Cast My Cares,0
Rodrigo Amarante,Cavalo,0
Kimberley Walsh,Centre Stage,0
Chelsea Light Moving,Chelsea Light Moving,0
The Child of Lov,The Child of Lov,0
Shiritsu Ebisu Chugaku,Chunin,0
Purson,The Circle and the Blue Door,0
Beastmilk,Climax,0
Logos,Cold Mission,0
Splashh,Comfort,0
Dawid Podsiadlo,Comfort and Happiness,0
Body/Head,Coming Apart,0
Heliotropes,A Constant Sea,0
Goodnight Sunrise,Create/Destroy/Create,0
Fit for a King,Creation | Destruction,0
Milk Music,Cruise Your Illusion,0
Marnie,Crystal World,0
Wampire,Curiosity,0
Maggie Rose,Cut to Impress,0
Mat Zo,Damage Control,0
Dami Im,Dami Im,0
Danielle Bradbery,Danielle Bradbery,0
Haim,Days Are Gone,0
Jason van Wyk,Days You Remember,0
Sworn In,The Death Card,0
Solamors,Depravity's Demise,0
Raven Lord,Descent to the Underworld,0
Device,Device,0
Ed Roland and the Sweet Tea Project,Devils 'n Darlins,0
Hot Natured,Different Sides of the Sun,0
Spekti,Diktaattorimies,0
Sound of Contact,Dimensionaut,0
Krista Siegfrids,Ding Dong!,0
Angel Haze,Dirty Gold,0
Phildel,The Disappearance of the Girl,0
Daniel Padilla,DJP,0
Ejecta,Dominae,0
Tiger Bell,Don't Wanna Hear About Your Band!,0
Earl Sweatshirt,Doris,0
Shine Bright Baby,Dreamers,0
Drenge,Drenge,0
Friendzone,DX,0
CRE3P,Echoes,0
Maite Perroni,Eclipse de Luna,0
Karl Hyde,Edgeland,0
Gotay,El Del Vibrato,0
Gabrielle Aplin,English Rain,0
Forest Swords,Engravings,0
Freddie Gibbs,ESGN,0
The Digital Age,Evening:Morning,0
Everfound,Everfound,0
Modestep,Evolution Theory,0
French Montana,Excuse My French,1
Shama Rahman,Fable:Time,0
Factory Floor,Factory Floor,0
The Fall Risk,The Fall Risk Volume No. 1,0
Autumn Hill,Favourite Mistake,0
S7N,Fearless,0
Pity Sex,Feast of Love,0
Deap Vally,Femejism,0
Fidlar,Fidlar,0
Seduce the Heaven,Field of Dreams,0
Denise Rosenthal,Fiesta,0
Heaven's Basement,Filthy Empire,0
State Champs,The Finer Things,0
Starkill,Fires of Life,0
Lee Hi,First Love,0
Havana Brown,Flashing Lights,0
Fatin Shidqia,For You,0
Cassadee Pope,Frame by Frame,0
Magnus Karlsson's Free Fall,Free Fall,0
Loadstar,Future Perfect,0
HBK Gang,Gang Forever,0
William Beckett,Genuine & Counterfeit,0
Krewella,Get Wet,0
Leslie Clio,Gladys,0
Dre Murray,Gold Rush: Maybe One Day,0
Woodkid,The Golden Age,0
Butcher Babies,Goliath,0
Ghost Ship,The Good King,0
Tasha Cobbs,Grace,0
SULK,Graceless,0
Jontte Valosaari,Haastaja,0
Kirstine Stubbe Teglbjaerg,Hamskifte,0
Hannah Rose,Hannah Rose,0
No Malice,Hear Ye Him,0
Steve Hare,Cast My Cares,0
Newsted,Heavy Metal Music,0
JKT48,Heavy Rotation,0
Willy Moon,Here's Willy Moon,0
Janet Devlin,Hide & Seek,0
Sturgill Simpson,High Top Mountain,0
The Uncluded,Hokey Fright,0
Rudimental,Home,0
Naughty Boy,Hotel Cabana,0
The Neighbourhood,I Love You.,0
Daughter,If You Leave,0
London Grammar,If You Wait,0
Richard & Adam,The Impossible Dream,4
Kodaline,In a Perfect World,0
Capital Cities,In a Tidal Wave of Mystery,0
Guards,In Guards We Trust,0
Peace,In Love,1
Volto!,Incitare,0
Samo,Inevitable,0
Public Service Broadcasting,Inform - Educate - Entertain,0
Wild Belle,Isles,0
Thomas Rhett,It Goes Like This,0
Megan Hilty,It Happens All The Time,0
Jackie Thomas,Jackie Thomas,0
James Arthur,James Arthur,0
John Wizards (musical group),John Wizards,0
Kavka Shishido,Kavkanize,0
Andrew Stockdale,Keep Moving,0
The Virginmarys,King of Conflict,0
Crash of Rhinos,Knots,0
Infinite,Koi ni Ochiru Toki,0
Avalon,The Land of New Hope,0
Wilkinson,Lazers Not Included,0
Leanne Mitchell,Leanne Mitchell,0
E-girls,Lesson 1,0
Letherette,Letherette,0
Tony Levin Marco Minnemann & Jordan Rudess,Levin Minnemann Rudess,0
Myka Relocate,Lies to Light the Way,0
Burna Boy,L.I.F.E - Leaving an Impact for Eternity,0
Rittz,The Life and Times of Jonny Valiant,0
Transparent,Light in Darkness,0
Silverline,Lights Out,0
Lizzo,Lizzobangers,0
Alex Sirvent,Lo mejor que me paso en la vida,0
LoCash Cowboys,LoCash Cowboys,0
Stooshe,London with the Lights On,0
The Lone Bellow,The Lone Bellow,0
Tom Odell,Long Way Down,0
ASAP Rocky,Long. Live. ASAP,0
Lizzy's Husband,A Loud Silence,0
R5,Louder,0
Silente,Lovac na cudesa,0
Hyolyn,Love & Hate,0
Love & the Outcome,Love & the Outcome,222
Citizen Way,Love Is the Evidence,0
Jahmene Douglas,Love Never Fails,0
James Skelly & The Intenders,Love Undercover,0
Gemini Syndrome,Lux,0
Christopher Owens,Lysandre,0
Jessica Sanchez,Me You & the Music,0
MellowHigh,MellowHigh,0
Melt Yourself Down,Melt Yourself Down,0
Johnny Marr,The Messenger,0
Colton Dixon,A Messenger,0
Glenn Robinson,Modern Mistakes,0
Clarice Falcao,Monomania,0
Moon Hooch,Moon Hooch,0
Natalie Maines,Mother,0
Treetop Flyers,The Mountain Moves,0
Boldy James,My 1st Chemistry Set,0
Tony Scalzo,My Favorite Year,0
Jarren Benton,My Grandma's Basement,0
Pusha T,My Name Is My Name,0
Papoose,The Nacirema Dream,0
Natalia Kelly,Natalia Kelly,0
The Neverclaim,The Neverclaim,0
PJ Morton,New Orleans,0
Troy Ave,New York City: The Album,0
Mack Wilds,New York: A Love Story,0
Sky Ferreira,Night Time My Time,0
Nina Rodriguez,Nina Rodriguez,0
Inc. No World,No World,0
Teen Top,No. 1,0
Noah,Noah,1
Mary Dillon,North,0
Lapalux,Nostalchic,0
Denzel Curry,Nostalgic 64,0
Emblem3,Nothing to Lose,0
Jenni Pulos,Old School Kids Beats,0
Tiwa Savage,Once Upon a Time,0
Emmelie de Forest,Only Teardrops,0
Casseurs Flowters,Orelsan et Gringe sont les Casseurs Flowters,0
Beware of Darkness,Orthodox,0
The History of Apple Pie,Out of View,0
April Weeps,Outer Calm Pain Within,0
Kavinsky,OutRun,0
Palms,Palms,0
Mayra,Parece Amor,0
Ghost Town,Party in the Graveyard,0
Vista Chino,Peace,0
Sharon Needles,PG-13,0
Everything in Slow Motion,Phoenix,0
Nine Muses,Prima Donna,0
Darkside,Psychic,0
La Femme,Psycho Tropical Berlin,0
PUP,PUP,0
Lorde,Pure Heroine,0
Valerie June,Pushin' Against a Stone,0
Necrowretch,Putrid Death Sorcery,0
Marcus Reeves,Quicksilver - The Masquerade Macabre,0
Hilly Eye,Reasons to Live,0
K. Michelle,Rebellious Soul,0
Tyler Farr,Redneck Crazy,0
Mike Stud,Relief,0
Soulfire Revolution,Revival,0
Wallpaper.,Ricky Reed Is Real,0
The Belle Game,Ritual Tradition Habit,0
Charlie Worsham,Rubberband,0
The Julie Ruin,Run Fast,0
The Ongoing Concept,Saloon,0
Tuomas Kauhanen,Sano vaan Tuomas,0
Stagecoach,Say Hi to the Band,0
Scar the Martyr,Scar the Martyr,0
MS MR,Secondhand Rapture,0
Ark of the Covenant,Self Harvest,0
Disclosure,Settle,0
MONEY,The Shadow of Heaven,0
Shehyee,Shehyee,0
Mallory Knox,Signals,0
Savages,Silence Yourself,0
Laura Mvula,Sing to the Moon,0
Colette Carr,Skitszo Collection,0
Every Knee Shall Bow,Slayers of Eden,0
Snakadaktal,Sleep in the Water,0
Small Town Pistols,Small Town Pistols,0
The Strypes,Snapshot,0
Flavel & Neto,So um tempo,0
SOLKs MIO,SOLKs MIO,0
Stop Dead,Some Kind Of Dangerous,0
Isabella Castillo,Sonar no Cuesta Nada,0
Magic Eight Ball,Sorry We're Late But We're Worth The Wait,0
Dirty South,Speed of Life,0
Jacky Vincent,Star X Speed Story,0
Starbomb,Starbomb,0
Selena Gomez,Stars Dance,0
Stars in Stereo,Stars in Stereo,0
The Paper Kites,States,0
Gerilja,Step Up Your Game,0
Studio Killers,Studio Killers,0
Yancey Boys,Sunset Blvd.,0
Svenstrup & Vendelboe,Svenstrup & Vendelboe,0
Something Awful,Taking Lives,0
Morna,A Tale of Woe,0
Gloryhammer,Tales from the Kingdom of Fife,0
Echosmith,Talking Dreams,0
Tate Stevens,Tate Stevens,0
Taylor Henderson,Taylor Henderson,0
The Temperance Movement,The Temperance Movement,0
NMB48,Teppen Tottande!,0
Celia Pavey,This Music,0
Alee,This Road Goes Everywhere,0
Tim Hicks,Throw Down,0
Luke Kennedy,A Time for Us,0
Parasite Inc.,Time Tears Down,0
Alex Hepburn,Together Alone,0
Torres,TORRES,0
ASAP Ferg,Trap Lord,0
Mr Probz,The Treatment,0
John Newman,Tribute,0
Haiku Salut,Tricolore,0
Avicii,TRUE,0
Charli XCX,True Romance,0
Illion,Ubu,0
Jon Connor,Unconscious State,0
Krypts,Unending Degradation,0
Those Who Fear,Unholy Anger,0
Union J,Union J,0
A Friend in London,Unite,0
Aranza,Vivir a Destiempo,0
Youngblood Hawke,Wake Up,0
Isac Elliot,Wake Up World,0
Philip H. Anselmo & The Illegals,Walk Through Exits Only,0
Tom Keifer,The Way Life Goes,0
Sensato del Patio,We Ain't Even Supposed 2 B Here,0
Myname,We Are Myname,0
Rock Candy Funk Party,We Want Groove,0
How to Destroy Angels,Welcome oblivion,0
Dayseeker,What It Means to Be Defeated,0
Atlas Genius,When It Was Now,0
St. Lucia,When the Night,0
The World Is a Beautiful Place & I Am No Longer Afraid to Die,Whenever If Ever,0
Swim Deep,Where the Heaven Are We,0
Lucius,Wildewoman,0
The Winery Dogs,The Winery Dogs,0
Wintergatan,Wintergatan,0
oOoOO,Without Your Love,0
W.L.A.K.,W.L.A.K.,0
Rhye,Woman,0
Vaadat Charigim,The World Is Well Lost,0
Iron Reagan,Worse Than Dead,0
Shane Filan,You and Me,0
Leagues,You Belong Here,0
Ariana Grande,Yours Truly,0
Citizen,Youth,0
Zendaya,Zendaya,0
Zara Larsson,1,0
3Teeth,3TEETH,0
5 Seconds of Summer,5 Seconds of Summer,0
DJ Mustard,10 Summers,0
Eduardo,A Fantastica Fabrica de Cadaver,0
Knife Party,Abandon Ship,0
Margaret,Add the Blonde,0
Fever Fever,Aftermath,0
Rob Lynch,All These Nights in Bars Will Somehow Save My Soul,0
Alvvays,Alvvays,0
Angaleena Presley,American Middle Class,0
Andreas Varady,Andreas Varady,0
Jeremy Loops,Sheer Sound,0
Andrew McMahon in the Wilderness,Andrew McMahon in the Wilderness,0
Anja Nissen,Anja Nissen,0
The Wytches,Annabel Dream Reader,0
Tinashe,Aquarius,0
Ellie Holcomb,As Sure as the Sun,0
Jason Lancaster,As You Are,0
Joke,Ateyaba,0
Babymetal,Babymetal,0
Catfish and the Bottlemen,The Balcony,0
Sir Michael Rocks,Banco,0
Banda do Mar,Banda do Mar,0
Devil You Know,The Beauty of Destruction,0
Magic Man,Before the Waves,0
In The Valley Below,The Belt,0
Benjamin Booker,Benjamin Booker,0
Hamilton Leithauser,Black Hours,0
Untold,Black Light Spiral,0
Lo-Fang,Blue Film,0
The Preatures,Blue Planet Eyes,0
Blues Pills,Blues Pills,0
Sheppard,Bombs Away,0
Antemasque,Antemasque,0
Benny Tipene,Bricks,0
Azealia Banks,Broke with Expensive Taste,0
Sleepwave,Broken Compass,0
Chet Faker,Built on Glass,0
Ashley Roberts,Butterfly Effect,0
California Breed,California Breed,0
Damian Anache,Capturas del Unico Camino,0
The Underachievers,Cellar Door: Terminus ut Exordium,0
Christine and the Queens,Chaleur humaine,0
Ella Henderson,Chapter One,0
Chris Webby,Chemically Imbalanced,0
City Harbor,City Harbor,0
Clipping,CLPPNG,0
Cole Swindell,Cole Swindell,0
The Colourist,The Colourist,0
The Common Linnets,The Common Linnets,0
Conquering Dystopia,Conquering Dystopia,0
Chuck Inglish,Convertibles,0
Tessanne Chin,Count On My Love,0
Cozz,Cozz & Effect,2
Traci Braxton,Crash & Burn,0
Crosses,Crosses,0
Karen O,Crush Songs,0
The Wah Wah Collective,Cry Baby Soul,0
September Girls,Cursing the Sea,0
JUL,Dans ma paranoia,0
Darren Espanto,Darren,0
Lonely the Brave,The Day's War,0
Daley,Days & Nights,0
Young Fathers,Dead,0
Beatrice Eli,Die Another Day,0
Beartooth,Disgusting,0
Charisma.com,Distopping,0
Magic!,Don't Kill the Magic,0
Flight Facilities,Down to Earth,0
Drowners,Drowners,0
Taylor McFerrin,Early Riser,0
Khun Narin,Electric Phin Band,0
Vinyl Theatre,Electrogram,0
Avey Tare's Slasher Flicks,Enter the Slasher House,0
Eric Paslay,Eric Paslay,0
Invent Animate,Everchanger,0
Broods,Evergreen,0
Kate Tempest,Everybody Down,0
The Struts,Everybody Wants,0
Damon Albarn,Everyday Robots,0
Kurt Travis,Everything Is Beautiful,0
Fairies,Fairies,0
Thompson,Family,0
Kye Kye,Fantasize,0
Luke Sital-Singh,The Fire Inside,0
Mystery Skulls,Forever,0
Afrojack,Forget the World,0
Duo de Twang,Four Foot Shack,0
Freeman,Freeman,0
TV Girl,French Exit,0
Frero Delavega,Frero Delavega,0
Ward Thomas,From Where We Stand,0
Foxes,Glorious,0
Tensnake,Glow,0
Gnarwolves,Gnarwolves,0
Banks,Goddess,0
Doug Seegers,Going Down to the River,0
Kim Dotcom,Good Times,0
Milica Pavlovic,Gover Tela Body Language,0
The Madden Brothers,Greetings from California,0
Nothing,Guilty of Everything,0
Haerts,Haerts,0
Hard Working Americans,Hard Working Americans,0
Phil Rudd,Head Job,0
Leighton Meester,Heartstrings,0
Little Daylight,Hello Memory,0
Erica Campbell,Help,0
Gerard Way,Hesitant Alien,0
Tim Campbell,High School Disco,0
Ludmilla,Hoje,0
Kian Egan,Home,0
Max Collins,Honey from the Icebox,0
Steven James Adams,House Music,0
Hozier,Hozier,0
Fatherson,I Am an Island,0
Oscar Zia,I Don't Know How to Dance,0
Loftland,I Don't Want to Dance,0
Got a Girl,I Love You but I Must Drive Off This Cliff Now,0
Moose Blood,I'll Keep You in Mind from Time to Time,0
Vianney,Idees blanches,0
Chase Rice,Ignite the Night,0
'68,In Humor and Sadness,0
Nicholas McDonald,In the Arms of an Angel,0
Sam Smith,In the Lonely Hour,0
Elise Testone,In This Life,0
Ella Hooper,In Tongues,0
Electric Youth,Innerworld,0
The Nearly Deads,Invisible Tonight,0
Issues,Issues,0
Alex & Sierra,It's About Us,4
Todd Terje,It's Album Time,0
John Garcia,John Garcia,0
Jungle,Jungle,0
Kathryn Bernardo,Kathryn,0
Kendji Girac,Kendji,0
Khiyo,Khiyo: Bengali Music with a London Sound,0
Killer Be Killed,Killer Be Killed,0
Yemi Alade,King of Queens,0
Kitten,Kitten,0
Bad Suns,Language & Perspective,0
I Divide,Last One Standing,0
Bas,Last Winter,0
Leslie Odom Jr.,Leslie Odom Jr.,0
Cash Out,Let's Get It,0
Elisa Lindstrom,Leva,0
K.Flay,Life As A Dog,0
Jess Moskaluke,Light Up the Night,0
Justice Crew,Live by the Words,0
Gloryhound,Loaded Gun,0
Dirty Loops,Loopified,0
Lords of Black,Lords of Black,0
Sumo Cyco,Lost in Cyco City,0
Lea Michele,Louder,0
Lowtide,Lowtide,0
FKA Twigs,LP1,0
Luicidal,Luicidal,0
Abandon All Ships,Malocchio,0
Real Friends,Maybe This Place Is the Same and We're Just Changing,0
McBusted,McBusted,0
The Vamps,Meet the Vamps,0
Flower Flower,Mi,0
Indila,Mini World,0
Gesu no Kiwami Otome,Miryoku ga Sugoi yo,0
Missing Persons,Missing In Action,0
MKTO,MKTO,0
Far from Alaska,modeHuman,0
Dillon Francis,Money Sucks Friends Rule,0
Sam Hunt,Montevallo,1
Morgan Evans,Morgan Evans,0
Lewis Watson,The Morning,0
Kevin Abstract,MTV1987,0
Tuomas Holopainen,Music Inspired by the Life and Times of Scrooge,0
Candice Glover,Music Speaks,0
YG,My Krazy Life,0
Nadine Lustre,Nadine Lustre,0
Nathan East,Nathan East,0
Crowder,Neon Steeple,0
Klangkarussell,Netzwerk,0
Iggy Azalea,The New Classic,0
Clean Bandit,New Eyes,0
Black Submarine,New Shores,0
Silent Planet,The Night God Slept,0
Puss n Boots,No Fools No Fun,0
Phyno,No Guts No Glory,0
MO,No Mythologies to Follow,0
Tiny Doo,No Safety,0
The Split Squad,Now Hear This...,0
The Fooo,Off the Grid,0
American Authors,Oh What a Life,0
Stalley,Ohio,0
Abated Mass of Flesh,The Omen King,0
Laura Dickinson,One for My Baby - To Frank Sinatra with Love,0
Isleym,Ou ca nous mene,0
PartyNextDoor,PartyNextDoor Two,0
PE 2.0,People Get Ready,0
Nina Nesbitt,Peroxide,0
Akdong Musician,Play,0
Sam Bailey,The Power of Love,0
Robin Schulz,Prayer,0
Pentatonix,PTX Vols. 1 & 2,0
Karmin,Pulses,0
Hua Chenyu,Quasimodo's Gift,0
Tove Lo,Queen of the Clouds,0
Ghetts,Rebel With a Cause,0
Skrillex,Recess,0
Fred V & Grafix,Recognise,0
Sage the Gemini,Remember Me,0
Ex Hex,Rips,0
Lucy Hale,Road Between,0
You+Me,rose ave.,0
Royal Blood,Royal Blood,0
Tomomi Itano,SxWxAxG,0
Leo Welch,Sabougla Voices,0
Milky Chance,Sadnecessary,0
Perfect Pussy,Say Yes to Love,0
Christon Gray,School of Roses,0
Anette Olzon,Shine,0
Shiori Niiyama,Shiori,0
Shtar Academy,Shtar Academy,0
Iamsu!,Sincerely Yours,0
Gorgon City,Sirens,0
Sisyphus,Sisyphus,0
Ratking,So It Goes,0
Emma Ruth Rundle,Some Heavy Ocean,0
Crobot,Something Supernatural,0
SoMo,SoMo,12
Jhene Aiko,Souled Out,0
Kiesza,Sound of a Woman,0
Manny Phesto,Southside Looking In,0
Collabro,Stars,2
Bulletrain,Start Talking,0
Chrissie Hynde,Stockholm,0
frnkiero andthe cellabration.,Stomachaches,0
Bleachers,Strange Desire,0
15&,Sugar,18
Tweedy,Sukierae,0
Peter Furler Band,Sun and Shield,0
Temples,Sun Structures,0
Dan Croll,Sweet Disarray,0
Sylvan Esso,Sylvan Esso,0
Alle Farben,Synesthesia - I Think in Colours,0
Betty Who,Take Me When You Go,0
Chumped,Teenage Retirement,0
Danilla,Telisik,0
Caleb Johnson,Testify,0
August Alsina,Testimony,0
Jennifer Nettles,That Girl,0
Like Monroe,Things We Think But Never Speak,0
Lena Katina,This Is Who I Am,0
Cassie Ramone,The Time Has Come,0
East India Youth,Total Strife Forever,0
JTR,Touchdown,0
Starset,Transmissions,0
Sohn,Tremors,0
Michael Cera,True That,1
Cassper Nyovest,Tsholofelo,0
Twin Forks,Twin Forks,0
Julian Casablancas+The Voidz,Tyranny,0
Logic,Under Pressure,0
Brutto,Underdog,0
Steffany Gretzinger,The Undoing,0
Kim Cesarion,Undressed,0
DJ DX,The Unfortunate Child,0
Madeline Juno,The Unknown,0
Yung Lean,Unknown Memory,0
Unspoken,Unspoken,0
Anderson .Paak,Venice,0
Teyana Taylor,VII,0
Islander,Violence & Destruction,0
Ben Aqua,Virtual Anticipation,0
Hari Kondabolu,Waiting for 2042,0
BTS,Wake Up,0
George Ezra,Wanted on Voyage,0
NONONO,We Are Only What We Feel,0
Devilskin,We Rise,0
The Last Internationale,We Will Reign,0
Marmozets,The Weird and Wonderful Marmozets,0
Neon Jungle,Welcome to the Jungle,0
Dan + Shay,Where It All Began,0
PVRIS,White Noise,0
Neck Deep,Wishful Thinking,0
Noosa,Wonderland,0
Porter Robinson,Worlds,0
Sarah Brusco,The Woven Whisper,0
Wovenwar,Wovenwar,0
Black Crown Initiate,The Wreckage of Stars,0
Jon Pardi,Write You a Song,0
Darkness Divided,Written in Blood,0
Justimus,Wunderboy,0
Awkwafina,Yellow Ranger,0
Grant Nicholas,Yorktown Heights,0
Young & Sick,Young & Sick,108
Glass Animals,Zaba,0
Mike Score,Zeebratta,0
Amber Run,5am,0
Fifi Cooper,20FIFI,0
AOA,Ace of Angels,0
Madeon,Adventure,0
Chiquis Rivera,Ahora,0
Algiers,Algiers,0
Steve Grand,All American Boy,0
Raury,All We Need,0
Elysia Crampton,American Drift,0
Boots,Aquaria,0
Willow,Ardipithecus,0
Emtee,Avery,0
Halsey,Badlands,1
Miss Fame,Beauty Marked,0
Joey Badass,B4.Da.$$,0
SOAK,Before We Forgot How to Dream,0
Jordan Feliz,Beloved,0
Ben Haenow,Ben Haenow,0
Act of Defiance,Birth and the Burial,0
Andee,Black and White Heart,0
Dear Rouge,Black To Gold,0
BiSH,Brand-new idol SHiT,0
The Shires,Brave,0
Amanda Cook,Brave New World,0
Canaan Smith,Bronco,0
WorshipMob,Carry the Fire,0
Viper Solfa,Carving an Icon,0
Kriswontwo,Ceremoni,0
Louane,Chambre 12,0
James Bay,Chaos and the Calm,0
Andra Day,Cheers to the Fall,0
NERVO,Collateral,0
Leon Bridges,Coming Home,0
Years & Years,Communion,176
Conchita Wurst,Conchita,0
Melanie Martinez,Cry Baby,0
Jlin,Dark Energy,0
Sumac,The Deal,0
Zoe,Debut,0
The Gentle Storm,The Diary,0
Helena Hauff,Discreet Desires,0
DIA,Do It Amazing,0
Kirby Maurier,Doing the Most,0
Borns,Dopamine,0
David J Newton,Drawing Songs,0
Dreamteam,Dreams Never Die,0
Fantine Tho,Only Human,0
Joel Hoekstra's 13,Dying to Live,0
Heems,Eat Pray Thug,0
Wes Mack,Edge of the Storm,0
Floating Points,Elaenia,0
Omen,Elephant Eyes,0
Kamasi Washington,The Epic,0
Alvaro Soler,Eterno agosto,0
Deradoorian,The Expanding Flower Planet,0
Sabrina Carpenter,Eyes Wide Open,0
Michelle Chamuel,Face the Fire,0
Riky Rick,Family Values,0
Markis Precise,The Feeling of Flying,0
Bully,Feels Like,0
Ella Eyre,Feline,0
Fetty Wap,Fetty Wap,0
Nekfeu,Feu,0
FFS,FFS,0
Maranatha,Filth,0
Markus Feehily,Fire,0
The Gray Havens,Fire and Stone,0
Juice=Juice,First Squeeze!,0
Kelsea Ballerini,The First Time,0
Ryn Weaver,The Fool,0
Alesso,Forever,0
Ty Dolla Sign,Free TC,0
Various Artists,Fresh Filter Volumn 1,0
Mbongwana Star,From Kinshasa,0
Fawn Spots,Safer Place,0
Acrassicauda,Gilgamesh,0
Arty,Glorious,0
King Los,God Money War,0
Tobias Jesso Jr.,Goon,0
Nate Ruess,Grand Romantic,0
Chon,Grow,0
Kate Pierson,Guitars and Microphones,0
Matoma,Hakuna Matoma,0
Marie Ueda,Hanashi wa Sorekara da,0
Shawn Mendes,Handwritten,0
Wild Throne,Harvest of Darkness,0
Marcus & Martinus,Hei,1
David Duchovny,Hell or Highwater,0
Hollywood Vampires,Hollywood Vampires,0
HomeTown,HomeTown,0
DJ Hoppa,'Hoppa and Friends,0
Joywave,How Do You Feel Now?,0
Theo Fleury,I Am Who I Am,0
Jess Glynne,I Cry When I Laugh,0
The I.L.Y's,I've always been good at true love,0
Ibeyi,Ibeyi,0
Nate Mendel,If I Kill This Thing We're All Going to Eat for a Week,0
Worriers,Imaginary Life,0
Jamie xx,In Colour,0
Revulsed,Infernal Atrocity,0
XXI,Inside Out,0
Attalus,Into the Sea,0
Tina Campbell,It's Personal,0
Jack Pack,Act Two,0
Jamie Lawson,Jamie Lawson,0
Andrea Faustini,Kelly,0
Operation: Mindcrime,The Key,0
Zella Day,Kicker,0
Alessia Cara,Know-It-All,0
Kyle Gass Band,Kyle Gass Band,0
Kirk Knight,Late Knight Special,0
Tyler Carter,Leave Your Love,0
Carl Barat and The Jackals,Let it Reign,0
Rixton,Let the Road,0
Sigma,Life,0
Once Human,The Life I Remember,0
Murder Void,Life Is Yours,0
Loudspeakers,Lighthouse,0
Wiki,Lil Me,0
Garnidelia,Linkage Ring,0
Casey Veggies,Live & Grow,0
Matthew Shipp & Mat Walerian,Live at Okuden,0
Injury Reserve,Live From the Dentist Office,0
Gunplay,Living Legend,0
Sada K.,Long Story Short,0
Mod Sun,Look Up,0
Red Pill,Look What This World Did To Us,0
Annaleigh Ashford,Lost in the Stars: Live at 54 Below,0
John Carpenter,Lost Themes,0
Kwabs,Love + War,0
Elle King,Love Stuff,0
Fleur East,Love Sax and Flashbacks,0
Smallpools,Lovetap,0
Myrkur,M,0
The Makemakes,The Makemakes,0
Paperi T,Malarian pelko,0
NF,Mansion,0
Empress Of,Me,0
Omi,Me 4 U,0
Old Dominion,Meat and Candy,0
Michael Ray,Michael Ray,0
Highly Suspect,Mister Asylum,0
Morgan Harper Nichols,Morgan Harper Nichols,0
Morissette Amon,Morissette,0
Kat Dahlia,My Garden,0
Wolf Alice,My Love Is Cool,0
Natalie Prass,Natalie Prass,0
As It Is,Never Happy Ever After,0
Dave Kerzner,New World,0
Josef Salvat,Night Swim,0
Ivy Levan,No Good,0
Indiana,No Romeo,0
Glassine,No Stairway,0
Bea Miller,Not an Apology,0
Nothing but Thieves,Nothing But Thieves,0
Oh Wonder,Oh Wonder,0
Jung Yong-hwa,One Fine Day,0
Sweet & Lynch,Only to Rise,8
K Camp,Only Way Is Up,0
MisterWives,Our Own House,0
Ginny Blackmore,Over the Moon,0
Raz Fresco,Pablo Frescobar,0
Billy Gibbons and The BFG's,Perfectamundo,0
No Devotion,Permanence,0
Galantis,Pharmacy,0
Apink,Pink Season,0
Rifftera,Pitch Black,0
Will Butler,Policy,0
Gang of Youths,The Positions,0
Seinabo Sey,Pretend,0
Sophie,Product,0
Lil Dicky,Professional Rapper,0
Lyca Gairanod,Puede Nang Mangarap,0
Shamir,Ratchet,0
Menace Beach,Ratworld,0
Real Lies,Real Life,0
Derek Johnson,Real Love,0
Finding Favour,Reborn,0
Fifth Harmony,Reflection,0
Lil Durk,Remember My Name,0
Revolution Saints,Revolution Saints,0
Jennylee,Right On!,0
Lady Lamb,Ripely Pine,0
Lane 8,Rise,0
Travis Scott,Rodeo,2
Brawlers,Romantic Errors of Our Youth,0
AURORA,Running with the Wolves - EP,0
Saint Asonia,Saint Asonia,0
Shaban Yusuf Joans Foster,Sajni,0
Marriages,Salome,0
Bodega Bamz,Sidewalk Exec,0
Ann Sophie,Silver Into Gold,0
Pacific Gold,Sing My Welcome Home,0
K.O,Skhanda Republic,0
Lindemann,Skills in Pills,0
Jack U,Skrillex and Diplo Present Jack U,0
DJ Paypal,Sold Out,0
Courtney Barnett,Sometimes I Sit and Think and Sometimes I Just Sit,0
Son Little,Son Little,0
The Wainwright Sisters,Songs in the Dark,0
Beyond the Black,Songs of Love and Death,0
Sophia Abrahao,Sophia Abrahao,0
Meg Myers,Sorry,0
Ravenhill,Soul,0
Drique London,The Manual,0
Kristian Bush,Southern Gravity,0
A Thousand Horses,Southernality,0
Julien Baker,Sprained Ankle,0
Rae Sremmurd,SremmLife,3
Maddie & Tae,Start Here,0
Vince Staples,Summertime '06,0
Cheerleader,The Sunshine of Your Youth,0
Winter,Supreme Blue Dream,0
Donnie Trumpet & The Social Experiment,Surf,0
Swiss Lips,Swiss Lips,0
Symphony Number One Jordan Randall Smith,Symphony Number One,0
Weak13,They Live,0
Beach Slang,The Things We Do to Find People Who Feel Like Us,0
Jarryd James,Thirty One,0
Emily Kinney,This Is War,0
Joe Moore,A Thousand Lifetimes,0
Cold Creek County,Till the Wheels Come Off,0
Mikky Ekko,Time,0
Meghan Trainor,Title,0
Tom DeLonge,To the Stars... Demos Odds and Ends,0
Nogizaka46,Tomei na Iro,0
Rhiannon Giddens,Tomorrow Is My Turn,0
Bryson Tiller,Trapsoul,0
Chris Stapleton,Traveller,0
Tori Kelly,Unbreakable Smile,0
Rae Morris,Unguarded,0
Hardwell,United We Are,0
Cam,Untamed,0
Tangerine Circus,Urania,0
X Ambassadors,VHS,0
Viet Cong,Viet Cong,0
Pope Francis,Wake Up!,0
The Avener,The Wanderings of the Avener,0
We Are Harlot,We Are Harlot,0
Emile Haynie,We Fall,0
iKON,Welcome Back,0
Chinx,Welcome to JFK,0
Band of Merrymakers,Welcome to Our Christmas Party,0
Rock City,What Dreams Are Made Of,0
Conveyer,When Given Time to Grow,0
Ykiki Beat,When the World is Wide,0
Alexander Armstrong,A Year of Songs,0
Robb Banks,Year of the Savage,0
Tyler Shaw,Yesterday,0
Nathaniel Willemse,Yours,0
Migos,Yung Rich Nation,0
Sarsa,Zapomnij mi,0
The Knocks,55,0
Flatbush Zombies,3001: A Laced Odyssey,0
Baauer,Aa,0
Abbath,Abbath,0
Brockhampton,All-American Trash,0
Amanda Black,Amazulu,0
SCH,Anarchie,0
Neon Hitch,Anarchy,0
Anavitoria,Anavitoria,0
Fred Frith Trio,Another Day in Fucking Paradise,0
Banks & Steelz,Anything But Words,28
Anatii,ARTIIFACT,0
CupcakKe,Audacious,0
Nasty C,Bad Hair,0
Bankroll Mafia,Bankroll Mafia,0
Lion Babe,Begin,0
DRAM,Big Baby DRAM,1
Jared Evan,The Blanket Truth,0
Thomas Cohen,Bloom Forever,0
Blossoms,Blossoms,0
Kero Kero Bonito,Bonito Generation,0
Chad,The Book of Chad,1
Caper Clowns,The Buca Bus,0
Halo Circus,Bunny,0
Product of Hate,Buried in Violence,0
Swet Shop Boys,Cashmere,0
Zach Williams,Chain Breaker,0
Bradley Walsh,Chasing Dreams,0
Kygo,Cloud Nine,0
Coasts,Coasts,2
Barrie-James O'Neill,Cold Coffee,0
The Anchoress,Confessions of a Romance Novelist,0
Jamie Isaac,Couch Baby,0
Armageddon,Crossing the Rubicon (Revisited),0
From Ashes to New,Day One,0
John Tibbs,Dead Man Walking,0
Cait Brennan,Debutante,0
Client Liaison,Diplomatic Immunity,0
DNCE,DNCE,0
The Lemon Twigs,Do Hollywood,0
The Mute Gods,Do Nothing till You Hear from Me,0
Kyle Craft,Dolls of Highland,0
Wet,Don't You,0
Kiefer Sutherland,Down in a Hole,0
Amy Lee,Dream Too Much,0
Charles Kelley,The Driver,0
Dylan Scott,Dylan Scott,0
DJ Snake,Encore,0
Tom Ricci,Tom Ricci: Escape Into Life,0
Curt Anderson,Every Moment,0
Salvador Sobral,Excuse Me,0
Francis and the Lights,Farewell Starlite!,0
Jessica Sutta,Feline Resurrection,0
Moor Mother,Fetish Bones,0
Failure Anthem,First World Problems,0
Westside Gunn,Flygod,0
Grace,FMA,0
Nao,For All We Know,0
6lack,Free 6lack,1
Madeline Merlo,Free Soul,0
Zhu,Generationwhy,0
Rebstar,Girls Like Nicole,0
Consumed by Fire,Giving Over,0
Whores,Gold.,0
Meghan Patrick,Grace & Grit,0
Mick Jenkins,The Healing Component,0
Maren Morris,Hero,1
Bolzer,Hero,0
Thom Sonny Green,High Anxiety,0
DMA's,Hills End,0
Anohni,Hopelessness,0
Mako,Hourglass,0
Okilly Dokilly,Howdilly Doodilly,0
Jon Bellion,The Human Condition,0
Nick Fradiani,Hurricane,0
Rival Choir,I Believe Help My Unbelief,0
Tory Lanez,I Told You,0
Against The Current,In Our Bones,0
Entheos,The Infinite Nothing,0
Safia,Internal,0
Lance Skiiiwalker,Introverted Intuition,0
Kevin Gates,Islah,0
Alex Cameron,Jumping the Shark,0
Kane Brown,Kane Brown,0
Young Dolph,King of Memphis,0
Knocked Loose,Laugh Tracks,0
Kungs,Layers,0
Hinds,Leave Me Alone,0
Dame D.O.L.L.A.,The Letter O,0
Tyson Motsenbocker,Letters to Lost Loves,0
Lewis Del Mar,Lewis Del Mar,0
Lacey Sturm,Life Screams,0
I Prevail,Lifelines,0
Xu Weizhou,Light,0
Whitney,Light Upon the Lake,0
All Tvvins,llVV,0
Lapsley,Long Way Home,0
Majid Jordan,Majid Jordan,0
Dareysteel,Man of the Year,0
MHD,MHD,0
Margo Price,Midwest Farmer's Daughter,0
Zayn,Mind of Mine,0
Shila Amzah,My Journey,0
Mykki Blanco,Mykki,0
Seth & Nirva,Never Alone,59
Stitched Up Heart,Never Alone,0
Public Access T.V.,Never Enough,0
Young Check'a,Never Seen,0
Nevermen,Nevermen,0
Kel Valhaal,New Introductory Lectures on the System of Transcendental Qabala,0
CRX,New Skin,0
JONES,New Skin,3
Head Wound City,A New Wave of Violence,0
Charlie Puth,Nine Track Mind,1
Mi-Sex,Not from Here,0
Shura,Nothing's Real,1
Gallant,Ology,0
Vorvan,Once Love Was Lost,0
Elliott Power,Once Smitten,0
Eric Prydz,Opus,0
Conrad Keely,Original Machines,0
Hacktivist,Outside the Box,0
Brian Fallon,Painkillers,0
A-Reece,Paradise,0
Delta Heavy,Paradise Lost,0
Redfoo,Party Rock Mansion,0
Brothers Osborne,Pawn Shop,0
Jack Garratt,Phase,0
CNCO,Primera Cita,0
Japanese Breakfast,Psychopomp,0
CDQ,Quality,0
Player Piano,Radio Love,0
Sayaka Yamamoto,Rainbow,0
Kilo Kish,Reflections in Real Time,0
Dorothy,Rockisdead,0
Nina Kraljic,Samo,0
dvsn,SEPT. 5TH,0
Andy Black,The Shadow Side,0
Stephen,Sincerely,0
Daya,Sit Still Look Pretty,0
Deakin,Sleep Cycle,0
Keegan Joyce,Snow on Higher Ground,0
The Zenith Passage,Solipsist,0
Francisco el Hombre,Soltasbruxa,0
Jordan Smith,Something Beautiful,0
Drake White,Spark,0
Lee Jong-hyun,Sparkling Night,0
Sianvar,Stay Lost,0
Post Malone,Stoney,3
Dedekind Cut,$uccessor,0
Nicky Byrne,Sunlight,0
Isaiah Rashad,The Sun's Tirade,0
Kembe X,Talk Back,0
Matt Corby,Telluric,0
Cana's Voice,This Changes Everything,0
TINI,TINI (Martina Stoessel),0
Tkay Maidza,Tkay,0
Cane Hill,Smile,0
Nathan Sykes,Unfinished Business,0
Cimorelli,Up at Night,0
Virginia to Vegas,Utopian,0
Anna Meredith,Varmints,0
Peter Garrett,A Version of Now,0
William Michael Morgan,Vinyl,0
Viola Beach,Viola Beach,0
Roy Woods,Waking at Dawn,0
Honne,Warm on a Cold Night,0
Tom Chaplin,The Wave,0
We Are Messengers,We Are Messengers,0
Pearl City Worship,We Won't Be Silent,0
Steven Tyler,We're All Somebody from Somewhere,0
Urban Rescue,Wild Heart,0
Steve Angello,Wild Youth,0
Rachel Platten,Wildfire,0
Lil' Kleine,WOP!,0
Letters from the Fire,Worth the Pain,0
Raleigh Ritchie,You're a Man Now Boy,0
Alfie Arcuri,Zenith,0
Zoax,Zoax,0
Cashmere Cat,9,0
ASAP Twelvyy,12,1
XXXTentacion,17,3
South Club,90,0
Princess Nokia,1992 Deluxe,0
Khalid,American Teen,5
Moses Sumney,Aromanticism,0
Liam Gallagher,As You Were,0
Vic Mensa,The Autobiography,4
Alexandra Savior,Belladonna of Sadness,0
A Boogie wit da Hoodie,The Bigger Artist,5
Smino,blkswn,1
Beau Dermott,Brave,0
Brett Young,Brett Young,0
PnB Rock,Catch These Vibes,0
Cindy Wilson,Change,0
Jidenna,The Chief,1
Cigarettes After Sex,Cigarettes After Sex,0
Amber Coffman,City of No Reply,0
Allie X,CollXtion II,0
Lil Peep,Come Over When You're Sober Pt. 1,0
J Hus,Common Sense,2
Judah Kelly,Count On Me,0
Lute,West1996 pt. 2,0
Crystal Fairy,Crystal Fairy,0
SZA,Ctrl,15
Cody Carnes,The Darker the Night / The Brighter the Morning,0
Smokepurpp,Deadstar,0
Jason Manford,A Different Stage,0
Austin Mahone,Dirty Work,0
GJan,Do It,0
Rob $tone,Don't Wait For It,0
Dreamcar,Dreamcar,0
Dua Lipa,Dua Lipa,0
Vant,Dumb Blood,0
Tired Lion,Dumb Days,0
Creeper,Eternity in Your Arms,0
Carly Pearce,Every Little Thing,0
Stills & Collins,Everybody Knows,56
Can't Swim,Fail You Again,0
Beth Ditto,Fake Sugar,0
The Regrettes,Feel Your Feelings Fool!,0
Syd,Fin,1
Niall Horan,Flicker,0
Superfruit,Future Friends,0
Stormzy,Gang Signs & Prayer,1
Sevyn Streeter,Girl Disrupted,0
Gizmodrome,Gizmodrome,0
Amine,Good for You,1
TC&I,Great Aspirations,1
Charly Bliss,Guppy,0
Cosmic Girls,Happy Moment,0
Harry Styles,Harry Styles,0
KARD,Hola Hola,0
Peter Perrett,How the West Was Won,0
Rag'n'Bone Man,Human,1
G Herbo,Humble Beast,0
Dhani Harrison,In Parallel,0
VUUR,In This Moment We Are Free - Cities,0
Wincent Weiss,Irgendwas gegen die Stille,0
21 Savage,Issa Album,4
IDK,IWasVeryBad,0
Gabriel Garzon-Montano,Jardin,0
Jona Viray,Jona,0
Grace VanderWaal,Just the Beginning,0
King Satan,King Fucking Satan,0
Hippo Campus,Landmark,0
A Very Loud Death,Lanterns,0
LANY,LANY,2
Kacy Hill,Like a Woman,0
Lil Pump,Lil Pump,1
Sofia Reyes,Louder!,0
Bobby,Love and Fall,0
The Big Moon,Love in the 4th Dimension,0
Meg Mac,Low Blows,0
Rezz,Mass Manipulation,0
Nothing But You,Meant to Be,0
the Chainsmokers,Memories...Do Not Open,1
Sayuri,Mikazuki no Koukai,0
Ded,Mis*an*thrope,0
Mura Masa,Mura Masa,0
Joe Scarborough,Mystified,0
Mito Natsume,Natsumelo,0
Sheer Mag,Need To Feel Your Love,0
Iglooghost,Neo Wax Bloom,0
J.I.D,The Never Story,0
Madeline Kenney,Night Night at the First Landing,0
Cyhi the Prynce,No Dope on Sundays,3
Midland,On the Rocks,0
Peter Toussaint,One Day,0
Nines,One Foot Out,0
Tokio Myers,Our Generation,0
Kodak Black,Painting Pictures,2
Playboi Carti,Playboi Carti,0
Poppy,Poppy.Computer,0
Powerflo,Powerflo,0
Sampha,Process,3
Lindsay Ell,The Project,0
Prophets of Rage,Prophets of Rage,0
Sons of Apollo,Psychotic Symphony,0
Quality Control,Quality Control: Control the Streets Volume 1,0
JP Cooper,Raised Under Grey Skies,0
Mike Will Made It,Ransom 2,5
Residente,Residente,0
Vancouver Sleep Clinic,Revival,0
Wild Fire,Revolt,0
Exit Eden,Rhapsodies in Black,0
Ocean Grove,The Rhapsody Tapes,0
Shekhinah,Rose Gold,0
Ruth B,Safe Haven,0
Sofia Ellar,Seis peniques,0
Sheridan Smith,Sheridan,0
Aquilo,Silhouettes,0
Rex Brown,Smoke on This...,0
Caitlyn Shadbolt,Songs on My Sleeve,0
Joanna Forest,Stars Are Rising,0
Kehlani,SweetSexySavage,4
Jaden Smith,Syre,4
Danger,Tai Gu ,0
Kelela,Take Me Apart,1
Lil Yachty,Teenage Emotions,6
Blaenavon,That's Your Lot,0
A. Savage,Thawing Dawn,0
Frances,Things I've Never Said,0
Luke Combs,This One's for You,0
Allison Crutchfield,Tourist In This Town,0
Matt Terry,Trouble,0
Slotface,Try Not to Freak Out,0
Levina,Unexpected,0
Karol G,Unstoppable,0
Pabllo Vittar,Vai Passar Mal,0
Una Healy,The Waiting Game,0
5kMiles,Walking in Circles,0
Josh Todd & The Conflict,Year of the Tiger,0
Shane Eagle,Yellow,0
Dams of the West,Youngish American,0
Russell Dickerson,Yours,0
Rich Brian,Amen,6
Jonathan Davis,Black Labyrinth,0
Camila Cabello,Camila,4
Devin Dawson,Dark Horse,0
Famous Dex,Dex Meets Dexter,1
Dita Von Teese,Dita Von Teese,0
Dream Wife,Dream Wife,0
Bebe Rexha,Expectations,0
Hayley Kiyoko,Expectations,1
Ashley McBryde,Girl Going Nowhere,0
Lanco,Hallelujah Nights,0
Phew and Alrahim Wright III,Here's a Phew,0
Saweetie,High Maintenance,1
Jordan Davis,Home State,0
Cardi B,Invasion of Privacy,6
UP10TION,Invitation,0
Kali Uchis,Isolation,1
Chloe x Halle,The Kids Are Alright,2
L.A.R.S.,Last American Rock Stars,0
Lil Skies,Life of a Dark Rose,1
Lo Moon,Lo Moon,0
Jorja Smith,Lost & Found,1
Amy Shark,Love Monster,0
Terror Universal,Make Them Bleed,0
NCT,NCT 2018 Empathy,0
Calum Scott,Only Human,0
Kasbo,Places We Don't Know,0
Poo Bear,Poo Bear Presents Bearthday Music,0
Mike Shinoda,Post Traumatic,1
Maxo Kream,Punken,0
Rich Homie Quan,Rich as in Spirit,0
Shame,Songs of Praise,0
Anne-Marie,Speak Your Mind,0
Angie,Suicidal Since 1995,0
Superorganism,Superorganism,0
The Academic,Tales from the Backseat,0
MitiS,'Til the End,0
Lil Xan,Total Xanarchy,0
YoungBoy Never Broke Again,Until Death Call My Name,0
EDEN,vertigo,0
Nipsey Hussle,Victory Lap,1
Rich the Kid,The World Is Yours,1
Myles Kennedy,Year of the Tiger,0
Fickle Friends,You Are Someone Else,0
David Carreira,n. 1,0
King Los,"God, Money, War",0
Fleur East,"Love, Sax and Flashbacks",0
Danger,Aeae,0
JUL,Dans ma parano,0
Dillon Francis,"Money Sucks, Friends Rule",0
DJ Hoppa,Hoppa and Friends,0
Lil Peep,"Come Over When You're Sober, Pt. 1",0
Romeo Santos,"Formula, Vol. 1",0
Jessica Sanchez,"Me, You & the Music",0
Isleym,Ou ca nous mene,0
Raleigh Ritchie,"You're a Man Now, Boy",0
Chantal Claret,"The One, The Only...",0
Beady Eye,"Different Gear, Still Speeding",0
Auryn,"Endless Road, 7058",0
Bamboo Manalac,"No Water, No Moon",0
Tal,Le droit de ,0
SKE48,Kono Hi no Chime o Wasurenai ,0
Alex Sirvent,Lo mejor que me en la vida,0
Silente,Lovac na ,0
Sky Ferreira,"Night Time, My Time",0
Nina Rodriguez,Nina Rodrguez,0
SOLKs MIO,SOL MIO,0
Milica Pavlovic,Body Language,0
Moose Blood,"I'll Keep You in Mind, from Time to Time",0
As It Is,"Never Happy, Ever After",0
Sophia Abrahao,Sophia Abrahio,0
Tom DeLonge,"To the Stars Demos, Odds and Ends",0
Anavitoria,Anavitiria,0
Francis and the Lights,"Farewell, Starlite!",0