artist,album,freq_xxl
2Cellos,2Cellos,0
Deep Dark Robot,8 Songs About a Girl,14
The Young Professionals,9am to 5pm 5pm to Whenever,0
Flash Bang Grenada,10 Haters,0
Her Majesty & the Wolves,111,5423
Miss A,A Class,1638
Ace Augustine,The Absolute,2
Adalita,Adalita,0
Lucy Ward,Adelphi Has to Fly,0
CocknBullKid,Adulthood,13
The Adults,The Adults,81
S.C.U.M,Again into Eyes,50
Aggro Santos,AggroSantos.com,0
Syven,Aikaintaite,0
Alexis Jordan,Alexis Jordan,0
7eventh Time Down,Alive in You,2133
Verah Falls,All Our Yesterdays,0
Amanda Fondell,All This Way,2
The Sand Band,All Through the Night,724
Evan Brewer,Alone,4
Cir.Cuz,Alt I Sin Tid,0
AKA,Altar Ego,2
Amaranthe,Amaranthe,0
A Pale Horse Named Death,And Hell Will Follow Me,1
Andy Grammer,Andy Grammer,0
Animetal USA,Animetal USA,0
Anna Calvi,Anna Calvi,0
Mark Stoermer,Another Life,58
Anthem Lights,Anthem Lights,13
Antonionian,Antonionian,0
The Aristocrats,The Aristocrats,1
Avion Roe,The Art of Fiction,6
Kyla La Grange,Ashes,0
Astro,Astro,13
Howie Dorough,Back to Me,0
Shlohmo,Bad Vibes,67
Dirty Beaches,Badlands,0
Momoiro Clover Z,Battle and Romance,0
Glasses Malone,Beach Cruiser,4
Beastwars,Beastwars,0
Jai McDowall,Believe,1
The Belle Brigade,The Belle Brigade,42
We Are the In Crowd,Best Intentions,1940
Get Scared,Best Kind of Mess,400
Pathfinder,Beyond the Space Beyond the Time,258
Kat & Roman Kostrzewski,Bialo-czarna,37
The Joy Formidable,The Big Roar,70
Big Talk,Big Talk,658
Birdy,Birdy,4
The Black Belles,The Black Belles,5041
Shabazz Palaces,Black Up,7
Mac Miller,Blue Slide Park,5
Vintage Trouble,The Bomb Shelter Sessions,1
Anna Rossinelli,Bon Voyage,0
Rainbow Arabia,Boys and Diamonds,0
BiS,Brand-new idol Society,0
The Chapman Family,Burn Your Town,53
Tennis,Cape Dory,0
Cat's Eyes,Cat's Eyes,0
Sleeper Agent,Celabraison,0
Cerebral Ballzy,Cerebral Ballzy,0
Ford & Lopatin,Channel Pressure,79
Phonte,Charity Starts at Home,4
Chiaki Kuriyama,Circus,0
Scotty McCreery,Clear as Day,0
J. Cole,Cole World: The Sideline Story,262
Collectif Paris-Africa,Collectif Paris-Africa pour l'UNICEF,0
Yellowbirds,The Color,561
Miles Kane,Colour of the Trap,21
Ringo Deathstarr,Colour Trip,0
Casey Darnell,Coming Alive,1
Gideon,Costs,96
Craig Campbell,Craig Campbell,0
David Lynch,Crazy Clown Time,0
Still Corners,Creatures of an Hour,124
Young Legionnaire,Crisis Works,4
Cults,Cults,2
Young Rebel Set,Curse Our Love,73
Brite Futures,Dark Past,0
Girls Names,Dead to Me,60
Decoder,Decoder,0
Elisa's,Det har ar bara borjan,0
Mia Martina,Devotion,0
Beady Eye,Different Gear Still Speeding,0
Cities Aviv,Digital Lows,0
Rory Scovel,Dilation,0
Northlane,Discoveries,3
Hope for the Dying,Dissimulation,10
Pac Div,The DiV,11
Emily's Army,Don't Be a Dick,93
Great Cynics,Don't Need Much,86
Falling in Reverse,The Drug in Me Is You,339
Destroy Rebuild Until God Shows,D.R.U.G.S,2
B.G. Knocc Out,Eazy-E's Protege,0
AraabMuzik,Electronic Dream,4
The Birthday Suit,The Eleventh Hour,35
Eli Lieb,Eli Lieb,0
The Horrible Crowes,Elsie,0
Emika,Emika,0
Melanie Laurent,En t'attendant,0
Auryn,Endless Road 7058,0
Dreamers of the Ghetto,Enemy/Lover,6
Gazelle Twin,The Entire City,3
Seirom,Eremitic,0
Singing Adams,Everybody Friends Now,23
Pyrrhon,An Excellent Servant But a Terrible Master,0
Dulce Maria,Extranjera - Primera Parte,0
aTelecine,The Falcon and the Pod,22
Viva Brother,Famous First Words,8
Joe Jonas,Fastlife,2
Fatoumata Diawara,Fatou,0
Austra,Feel It Break,312
Big Sean,Finally Famous,154
Christina Grimmie,Find Me,1
Chris Crocker,The First Bite,4
The Plot in You,First Born,6441
CNBLUE,First Step,396
Jay Rock,Follow Me Home,86
Jamala,For Every Heart,174
Torae,For the Record,5112
Romeo Santos,Formula Vol. 1,0
Frankie Ballard,Frankie Ballard,0
Dom Kennedy,From the Westside with Love II,28
The DC3,The Future Sound of Nostalgia,433
Alyssa Reid,The Game,32
Bass Drum of Death,GB City,11
Low Cut Connie,Get Out the Lotion,34
Girls' Generation,Girls' Generation,21
Travis Barker,Give the Drummer Some,82
Rustie,Glass Swords,2
Saturnian Mist,Gnostikoi Ha-Shaitan,0
WU LYF,Go Tell Fire to the Mountain,5
DELS,GOB,0
Thundercat,The Golden Age of Apocalypse,95
Funeral Party,The Golden Age of Knowhere,12
Little Scream,The Golden Record,32
Tig Notaro,Good One,0
Graham Alexander,Graham Alexander,3
Saigon,The Greatest Story Never Told,286
Intergalactic Lovers,Greetings & Salutations,0
Dinosaur Pile-Up,Growing Pains,0
miwa,Guitarissimo,0
Fallujah,The Harvest Wombs,0
Skull Fist,Head of the Pack,102
I Break Horses,Hearts,13
Rebecca Ferguson,Heaven,1
The Unguided,Hell Frost,2
Pistol Annies,Hell on Heels,0
Total Control,Henge Beat,6
Greyson Chance,Hold On 'til the Night,38
Holy Ghost!,Holy Ghost!,26
Kassidy,Hope St.,23
I Am Giant,The Horrifying Truth,108
The Standstills,The Human Element,6
Frankie & The Heartstrings,Hunger,33
Erin,Hunningolla,7
Hunter Hayes,Hunter Hayes,0
Hurtsmile,Hurtsmile,0
Times of Grace,The Hymn of a Broken Man,20
Speak,I Believe In Everything,415
The City Harmonic,I Have a Dream (It Feels Like Home),358
The Middle East,I Want That You Are Always Happy,228
Basement,I Wish I Could Stay Here,173
Pete Holmes,Impregnated With Wonder,0
Erra,Impulse,15
Givers,In Light,1295
Orjan Nilsen,In My Opinion,0
Symfonia,In Paradisum,0
Little Comets,In Search of Elusive Little Comets,1
Nader Sadek,In the Flesh,0
Clams Casino,Instrumentals,29
3Ball MTY,Intentalo,0
The Leisure Society,Into the Murky Water,9
Stala & so.,It Is So.,0
Pietro Lombardi,Jackpot,0
the JaneDear girls,the JaneDear girls,761
Jonny,Jonny,24
I Fight Dragons,KABOOM!,4
Katie Waissel,Katie Waissel,0
Cali Swag District,The Kickback,5
Nicole Scherzinger,Killer Love,3
I Am Empire,Kings,34
Vampires Everywhere!,Kiss the Sun Goodbye,0
Benjamin Francis Leftwich,Last Smoke Before the Snowstorm,0
Marsha Ambrosius,Late Nights & Early Mornings,4
Alex Clare,The Lateness of the Hour,6
Hugh Laurie,Let Them Talk,0
Irma,Letter to the Lord,5
Matt Cardle,Letters,0
Birgit Bidder,The Life Home,0
Clare Maguire,Light After Dark,0
Mirrors,Lights and Offerings,6
Stephanie Cayo,Llegare,0
Zahara,Loliwe,0
Ab-Soul,Longterm Mentality,10
Brittany Hargest,Love All the Way,1196
Christina Perri,Lovestrong,0
Jacob Yates and the Pearly Gate Lock Pickers,Luck,0
Go Radio,Lucky Street,79
Mademoiselle Yulia,Mademoworld,0
Cerebral Bore,Maniacal Miscreation,0
Mann,Mann's World,15
The Minutes,Marcata,829
Demonaz,March of the Norse,0
Marlon Roudette,Matter Fixed,0
Penguin Cafe,A Matter of Life...,490
Matthew Morrison,Matthew Morrison,0
Lisa Matassa,Me Time,10
Can Bonomo,Meczup,0
Middle Brother,Middle Brother,47
Mikal Cronin,Mikal Cronin,0
Stephen Jerzak,Miles and Miles,4
Mary Byrne,Mine & Yours,5
Jamie Woon,Mirrorwriting,0
Eye Empire,Moment Of Impact,12
Caligula's Horse,Moments from Ephemeral City,4
Sainthood Reps,Monoculture,0
Monstercat,Monstercat 001 - Launch Week,0
Charlene Soraia,Moonchild,0
JPM,Moonwalk,8
The Fudge,Morning Comes Again,21
Mohombi,MoveMeant,0
Seth MacFarlane,Music Is Better Than Words,107
BOY,Mutual Friends,230
The Cinema,My Blood Is Full of Airplanes,65
Of Monsters and Men,My Head Is an Animal,56
David Carreira,n. 1 (No 1),172
Naela,Naela,0
Design the Skyline,Nevaeh,0
Grouplove,Never Trust a Happy Song,222
Iceage,New Brigade,23
New Look,New Look,2942
Lauri Ylonen,New World,0
Nick 13,Nick 13,49
Cloak of Altering,The Night Comes Illuminated With Death,0
Dev,The Night the Sun Came Up,622
Charles Bradley,No Time for Dreaming,46
Bamboo Manalac,No Water No Moon,4
Ed Sheeran,No. 5 Collaborations Project,39
Noel Gallagher's High Flying Birds,Noel Gallagher's High Flying Birds,0
Ninja Sex Party,NSFW,1
Mindless Behavior,#1 Girl,222
Office of Future Plans,Office of Future Plans,332
Katy B,On a Mission,45
Peter Furler,On Fire,22
Blood of the Martyrs,Once More with Feeling,183
Tesseract,One,13233
Jamie Grace,One Song at a Time,1752
WATERS,Out In The Light,1072
Matthewdavid,Outmind,0
Pascal & Pearce,Passport,9
EMA,Past Life Martyred Saints,0
Penguin Prison,Penguin Prison,3
Natalia Kills,Perfectionist,0
Wayne Static,Pighammer,4
f(x),Pinocchio,22
Max Raptor,Portraits,6
The Jezabels,Prisoner,27
Thomas Giles,Pulse,2
YuiKaori,Puppy,18
The Internet,Purple Naked Ladies,2
MaYaN,Quarterpast,7
Quilt,Quilt,1
Yelawolf,Radioactive,67
Class Actress,Rapprocher,6
Whitton,Rare Bird,0
Rebeldes,Rebeldes,0
Fallstar,Reconciler. Refiner. Igniter.,0
Dia Frampton,Red,0
Reece Mastin,Reece Mastin,0
Tedeschi Trucks Band,Revelator,1
We Are Augustines,Rise Ye Sunken Ships,0
Deafheaven,Roads to Judah,0
Smoke DZA,Rolling Stoned,5
Ronan Parke,Ronan Parke,0
Ronnie Dunn,Ronnie Dunn,0
Runner Runner,Runner Runner,90
Mr. Envi',Rydaz Redemption,0
Ivi Adamou,San Ena Oniro,0
Alexandra Stan,Saxobeats,0
SBTRKT,SBTRKT,10
Bewized,The Scorch of Rage,0
Icon for Hire,Scripted,3
Kendrick Lamar,Section.80,49
Jessica 6,See the Light,120
Seeker Lover Keeper,Seeker Lover Keeper,0
Selah Sue,Selah Sue,1
Sepalcure,Sepalcure,0
The Rubberbandits,Serious About Men,29
ScHoolboy Q,Setbacks,511
Kuedo,Severant,0
Title Fight,Shed,61
Mary-Jess Leaverland,Shine,0
X-Pistols,Shoot To Kill,9
Kristoffer Kompen Quartet,Short Stories of Happiness,0
Six60,Six60,0
Sistar,So Cool,874
Cecimonster Vs. Donka,Solara,0
Somedaydream,Somedaydream,0
Black Spiders,Sons of the North,177
Patrick Stump,Soul Punk,2
This Century,Sound of Fire,175
Nicolas Jaar,Space Is Only Noise,2
Battle Beast,Steel,12
The Stellas,The Stellas,0
The Stepkids,The Stepkids,0
Rizzle Kicks,Stereo Typical,0
Cher Lloyd,Sticks and Stones,0
Airship,Stuck in This Ocean,2
Wolf Gang,Suego Faults,0
Tidal Arms,The Sun Exploding,0
Paradise Oskar,Sunday Songs,2
SuperHeavy,SuperHeavy,0
Wizkid,Superstar,774
Noctura,Surrender the Sun,2
DyE,Taki 183,1
MEN,Talk About Body,208
That's Outrageous!,Teenage Scream,0
Schenker's Temple of Rock,Temple of Rock,6
Fly Union,TGTC (The Greater Than Club),2
Thees Uhlmann,Thees Uhlmann,0
Phinehas,Thegodmachine,0
The Groggers,There's No 'I' in Cherem,900
Dillon,This Silence Kills,0
Thompson Square,Thompson Square,1
Thyresis,Thyresis,0
Theophilus London,Timez Are Weird These Days,9
Brothers Reid,Top of the Old Road,96
Lucy Spraggan,Top Room at the Zoo,2
Marcelo Camelo,Toque Dela,0
Foster the People,Torches,10
SebastiAn,Total,669
Aaron Lewis,Town Line,1
Mr. Dream,TrashHit,19
Dynasty,Truer Living with a Youthful Vengeance,0
We Are Defiance,Trust in Few,1305
Ulrik Munther,Ulrik Munther,0
Papa vs Pretty,United in Isolation,2
Unknown Mortal Orchestra,Unknown Mortal Orchestra,5
Snow Tha Product,Unorthodox,33
One Direction,Up All Night,1118
V. Rose,V. Rose,9
Volumes,Via,2692
Max B,Vigilante Season,16
Esben and the Witch,Violet Cries,0
After School,Virgin,707
Verbal,Visionair,85
Kimbra,Vows,41
The Sound of Arrows,Voyage,1
Warr Acres,Warr Acres,0
Swimming With Dolphins,Water Colours,0
Raleigh Moncrief,Watered Lawn,0
Wolfgang Gartner,Weekend in America,1
Hyland,Weights & Measures,17
Nero,Welcome Reality,17
Tim Bendzko,Wenn Worte meine Sprache waren,0
Chris Medina,What Are Words,30
Ashes Remain,What I've Become,1
Nothing Til Blood,When Lambs Become Lions,0
Jessie J,Who You Are,400
Widowspeak,Widowspeak,0
Wild Flag,Wild Flag,2
Lauren Alaina,Wildflower,0
A Winged Victory for the Sullen,A Winged Victory for the Sullen,0
Washed Out,Within and Without,104
Kimberly Caldwell,Without Regret,1
Thomas Ring Petersen,Wrong Side of the Daylight,0
Xavier and Ophelia,Xavier & Ophelia,46
Youth Lagoon,The Year of Hibernation,252
SNO (Lil Wyte JellyRoll BPZ),Year Round,0
Jack Vidgen,Yes I am,0
Charlie Simpson,Young Pilgrim,3
Young Statues,Young Statues,1
Yamantaka // Sonic Titan,YT//ST,0
Yuck,Yuck,14
Zoe Badwi,Zoe,51
Demy,#1,0
Mac DeMarco,2,163
Summer Heart,About a Feeling,227
Willis Earl Beal,Acousmatic Sorcery,0
RNDM,Acts,748
Alice Caymmi,Alice Caymmi,0
Titanium,All for You,7976
Tremonti,All I Was,5931
Dog Is Dead,All Our Favourite Stories,21
Allen Stone,Allen Stone,3
Howler,America Give Up,101
Dads,American Radass (This Is Important),52
The D.O.T.,And That,22297
Ania Teliczan,Ania Teliczan,0
Pure Love,Anthems,98
Hammercult,Anthems of the Damned,0
Anywhere,Anywhere,190
California Wives,Art History,13
Secrets,The Ascent,129
Attaloss,ATTALOSS,0
Don Broco,Automatic,1
Koncept,Awaken,52
THEESatisfaction,awE naturalE,0
alt-J,An Awesome Wave,1
Primal Rock Rebellion,Awoken Broken,0
Adler,Back from the Dead,344
Caligola,Back to Earth,142
Cover Drive,Bajan Style,5
Alex Ferrari,Bara Bere,0
2 Chainz,Based on a T.R.U. Story,195
DeStorm Power hosted by DJ Whoo Kid,Be Careful,3
The 2 Bears,Be Strong,196
Liberteer,Better to Die on Your Feet Than Live on Your Knees,35
Matthew E. White,Big Inner,2
Chris Robinson Brotherhood,Big Moon Ritual,0
ClariS,Birthday,1162
Gary Clark Jr.,Blak and Blu,16
Blank Banshee,Blank Banshee 0,0
Never A Hero,Bleed Between The Lies,29
The Dunwells,Blind Sighted Faith,0
Skyharbor,Blinding White Noise: Illusion & Chaos,0
Blondes,Blondes,2
Jack White,Blunderbuss,51
Reptar,Body Faucet,0
Main Attrakionz,Bossalinis & Fooliyones,1
Grand Supreme Blood Court,Bow Down Before the Blood Court,0
Chiddy Bang,Breakfast,11
The Gaslamp Killer,Breakthrough,9
Brendon Small,Brendon Small's Galaktikon,0
Steve Harris,British Lion,1
Scott Tixier,Brooklyn Bazaar,0
Emma Hewitt,Burn The Sky Down,2
Eskimo Callboy,Bury Me in Vegas,0
The Cadillac Three,The Cadillac Three,4268
Wolves at the Gate,Captors,0
Delta Rae,Carry The Fire,2
Casey Abrams,Casey Abrams,0
Casey James,Casey James,4
Glory,Celebration,655
My Tiger My Timing,Celeste,0
Kalenna Harper,Chamber of Diaries,0
Frank Ocean,Channel Orange,54
Lawson,Chapman Square,1
Zedd,Clarity,86
Jam City,Classical Curves,0
Soen,Cognitive,4
The Collective,The Collective,604
Christopher,Colours,101
Rhett Walker Band,Come to the River,3
Altars,Conclusions,21
Forever Came Calling,Contender,14
Conor Maynard,Contrast,0
Hubert Wu,Couple Getaway,0
Smitz,Cretin Crossover,0
XL,Dance All Night,146
Half Moon Run,Dark Eyes,4
The Lucky Bullets,Dead Man's Shoes,2
Dead Sara,Dead Sara,0
Being as an Ocean,Dear G-d...,20
Martin Rossiter,The Defenestration of St Martin,14
Jamie Teachenor,The Departure,1
Desmadrados Soldados de Ventura,Desmadrados Soldados de Ventura,0
Dick Valentine,Destroy the Children,0
The Swearengens,Devil Gets Her Way,184
Natalie Duncan,Devil In Me,0
Jessie Ware,Devotion,6
Yotam Ben Horin,Distant Lover,0
Django Django,Django Django,6
Little Mix,DNA,118
Doll$Boxx,Dolls Apartment,0
Meek Mill,Dreams and Nightmares,175
Tal,Le droit de rever,0
Toya Delazy,Due Drop,0
Dustin Lynch,Dustin Lynch,0
Asgeir Trausti,Dyrd i daudathogn,0
An Epic No Less,Echo of Love,194
Edens Edge,Edens Edge,0
Labrinth,Electronic Earth,0
Eme 15,Eme 15,0
Devil Sold His Soul,Empire of Light,9
Spector,Enjoy It While It Lasts,210
Angellore,Errances,0
Romanthica,Eterno,0
I Am I,Event Horizon,88
Clayton Bellamy,Everyone's a Dreamer,0
Gatekeeper,Exo,8
Egoist,Extra terrestrial Biological Entities,0
Crown the Empire,The Fallout,8
Reflections,The Fantasy Effect,3
The Farm,The Farm,79
Loyal Wife,Faux Light,0
Fear and the Nervous System,Fear and the Nervous System,24
Travis Ryan,Fearless,15
The Hood Internet,FEAT,173
Blackburner,Feel the Burn,35
Tulisa,The Female Boss,31
Chief Keef,Finally Rich,96
Flume,Flume,11
Flying Colors,Flying Colors,8
Anwynn,Forbidden Songs,3
One Sonic Society,Forever Reign,1
Husky,Forever So,346
Forgetters,Forgetters,0
Benjamin Gibbard,Former Lives,0
Travis Porter,From Day 1,54
Delilah,From the Roots Up,302
David Lindgren,Get Started,30
Polica,Give You the Ghost,22
Monuments,Gnosis,7
Rye Rye,Go! Pop! Bang!,0
Hands Like Houses,Ground Dweller,0
You Blew It!,Grow Up Dude,650
The Gypsy Queens,The Gypsy Queens,803
Jovi,H.I.V (Humanity is Vanishing),0
Elokuu,Haavaki saapuu,0
Rachael MacFarlane,Hayley Sings,0
Loreen,Heal,56
Bellarive,The Heartbeat,19
Macklemore & Ryan Lewis,The Heist,182
Bridgit Mendler,Hello My Name Is...,14
Gaz Coombes,Here Come the Bombs,3
Florida Georgia Line,Here's to the Good Times,17
The Jellyrox,Heta Himlen,0
Hiphop Tamizha,Hip Hop Tamizhan,0
Michael Kiwanuka,Home Again,15
Abu Lahab,Humid Limbs of the Torn Beadsman,0
Headspace,I Am Anonymous,13
God Seed,I Begin,35
Moriah Peters,I Choose Jesus,0
Cold Specks,I Predict a Graceful Expulsion,0
iamthemorning,~,0
Icona Pop,Icona Pop,1
Rapsody,The Idea of Beautiful,71
Eve Ai,If You Love Me,0
Desecravity,Implicit Obedience,0
Last Dinosaurs,In a Million Years,4051
Military Wives,In My Dreams,3
Chad Price,In This Dream,25
Vivid,Infinity,155
Dot Hacker,Inhibition,0
Niki and the Dove,Instinct,0
The Night Flight Orchestra,Internal Affairs,2
Make Me Famous,It's Now or Never,1049
Ivy Quainoo,Ivy,89
Jake Bugg,Jake Bugg,0
Jana Kramer,Jana Kramer,1
Jin Akanishi,Japonicana,0
Jennette McCurdy,Jennette McCurdy,0
Jessica Pratt,Jessica Pratt,1
Brothers McClurg,Join in the Sound,131
Dallas Smith,Jumped Right In,7
Kadavar,Kadavar,0
Eyolf Dale,The Katabatic Wind,0
Sons,Keep Quiet,120
Emel Mathlouthi,Kelmti Horra,0
JJ Doom,Key to the Kuffs,10
Kimberley Chen,Kimberley,0
iamamiwhoami,kin,45
King Tears Bat Trip,King Tears Bat Trip,0
Kis-My-Ft2,Kis-My-1st,0
SKE48,Kono Hi no Chime o Wasurenai (konoRi nochiyaimuwoWang renai),0
Robin,Koodi,101
Machine Gun Kelly,Lace Up,81
Sylencer,A Lethal Dose of Truth,4
Josh Osho,L.i.f.e,0
Squackett,A Life Within a Day,1855
The Remission Flow,The Light That Floods,64
Lindsey Stirling,Lindsey Stirling,2
Haley Reinhart,Listen Up!,5
Big K.R.I.T.,Live from the Underground,899
Stiftelsen,Ljungaverk,0
Apologies I Have None,London,11
Maverick Sabre,Lonely Are the Brave,1
Zowie,Love Demolition,3
Code Orange Kids,Love Is Love/Return to Dust,1
Kira Isabella,Love Me Like That,1826
Lukas Graham,Lukas Graham,13
The Lumineers,The Lumineers,4
Kongos,Lunatic,15
Roberto Bellarosa,Ma voie,0
Producers,Made in Basing Street,49
Maluma,Magia,5
Envy,The Magic Soup and the Bittersweet Faces,0
Friends,Manifest!,1972
Thank You Scientist,Maps of Non-Existent Places,0
Alina Devecerski,Music Machine,2
Marcus Collins,Marcus Collins,0
Melody's Echo Chamber,Melody's Echo Chamber,0
Leon Thomas III,Metro Hearts,0
Michael Lynche,Michael Lynche,0
Riz MC,Microscope,31
The Midnight Beast,The Midnight Beast,542
Crucified Barbara,The Midnight Chase,0
Milo Greene,Milo Greene,1
Sucre,A Minor Bird,1
Lil Ugly Mane,Mista Thug Isolation,6
Aiden Grimshaw,Misty Eye,1
Villainy,Mode. Set. Clear.,6
Alex & Nilusha,Moments in Time,180
Electric Guest,Mondo,18
Froggy Fresh,Money Maker (Reloaded),0
Death Grips,The Money Store,7
Siobhan Magnus,Moonbaby,0
Moshi Monsters,Music Rox!,0
Karise Eden,My Journey,0
Luca Hanni,My Name Is Luca,9
Farrah Abraham,My Teenage Dream Ended,0
Robin Stjernberg,My Versions,0
Nephew Tommy,Nephew Tommy's Prank Phone Calls: Volume 1,0
Make Them Suffer,Neverbloom,7
Jay Farrar Will Johnson Anders Parker and Yim Yames,New Multitudes,0
Imagine Dragons,Night Visions,7
Sarah De Bono,Sarah De Bono,3
Noah Stewart,Noah,133
Adrenaline Mob,Omerta,0
Davido,Omo Baba Olowo,0
Taryn Southern,On My Face,23
Chantal Claret,The One The Only...,3475
Rita Ora,Ora,66
DIIV,Oshin,0
Emeli Sande,Our Version of Events,12
Diandra,Outta My Head,26
Baptiste Giabiconi,Oxygen,0
Kool A.D.,The Palm Wine Drinkard,0
Cody Simpson,Paradise,3
Elle Varner,Perfectly Imperfect,0
Peter Buck,Peter Buck,4
Pioneer,Pioneer,125
Jay James Picton,Play It by Heart...,33
Future,Pluto,3367
The Algorithm,Polymorphic Code,0
Poor Moon,Poor Moon,2
Ne Obliviscaris,Portal of I,2
JK Flesh,Posthuman,0
Inverse Phase,Pretty Eight Machine,1
Scratcha DVA,Pretty Ugly,0
John K. Samson,Provincial,0
Chris Wallace,Push Rewind,0
Laurel Halo,Quarantine,0
Ramin Karimloo,Ramin,0
Cro,Raop,1
Jeremiah Jae,Raw Money Raps,0
The Orwells,Remember When,637
Elitist,Reshape Reason,0
Francesca Michielin,Riflessi di me,0
Points North,Road Less Traveled,0
Royal Southern Brotherhood,Royal Southern Brotherhood,4
The Royal Royal,The Royalty,308
The Rubens,The Rubens,1
Youngblood,Running Home to You,110
Samantha Jade,Samantha Jade,2
Von,Satanic Blood,3
Beautiful Eulogy,Satellite Kite,0
Moxiie,Savage,920
All Sons & Daughters,Season One,13162
Levi the Poet,Seasons,0
Iris,Seventeen,39
Dry The River,Shallow Bed,0
Rachael Leahcar,Shooting Star,0
Purity Ring,Shrines,1
Victoria Duffield,Shut Up and Dance,20
Twelve Foot Ninja,Silent Machine,0
Merrymouth,Simon Fowler's Merrymouth,0
Jamie McDell,Six Strings and a Sailboat,0
T & N,Slave to the Empire,1872
Aimer,Sleepless Nights,4
Daveed Diggs,Small Things to a Giant,0
Kreayshawn,Somethin' 'Bout Kreay,0
Tayla Alexander,Songbird,0
Pallbearer,Sorrow and Extinction,0
Dan Le Sac,Space Between the Words,1
Freeze the Atlantic,Speakeasy,1
SpeXial,SpeXial,0
World Fire Brigade,Spreading My Wings,8
Mike Scheidt,Stay Awake,0
Crowns,Stitches in the Flag,1
Vintage Blue,Strike the Mics,0
JJAMZ,Suicide Pact,0
People on Vacation,The Summer and the Fall,1178
Swearin',Swearin',0
Buffalocomotive,Tears of the Enchanted Mainframe,0
The Toure-Raichel Collective,The Tel Aviv Session,0
The Original Rudeboys,This Life,304
7 Horns 7 Eyes,Throes of Absolution,0
Ren Harvieu,Through The Night,4
Capture the Crown,'Til Death,1
My Ticket Home,To Create a Cure,95
Toy,TOY,87
The Weeknd,Trilogy,741
Totally Enormous Extinct Dinosaurs,Trouble,0
Trust,TRST,474
Diggy Simmons,Unexpected Arrival,2
Unisonic,Unisonic (album),0
Kip Moore,Up All Night,5
Kid Ink,Up & Away,1691
Valley of Fear,Valley of Fear,392
Hello Venus,Venus,53
Jesse Kaikuranta,Vie mut kotiin,0
Datsik,Vitamin D,10
AxeWound,Vultures,49
Tebey,The Wait,1339
Swoope,Wake Up,434
Clock Opera,Ways to Forget,0
The Overseer,We Search We Dig,148
Time Is a Thief,We're Not Strangers,340
Sevi,What Lies Beyond,4
Stepdad,Wildlife Pop,1
Windhand,Windhand,0
Steve Aoki,Wonderland,35
Phillip Phillips,The World from the Side of the Moon,11
Willam Belli,Shartistry in Motion,0
WZRD,WZRD,2
Andain,You Once Told Me,247
Birds in Row,You Me & the Violence,164
Andy Moor,Zero Point One,0
1GN,1 Girl Nation,3
Terrace Martin,3ChordFold,75
King Krule,6 Feet Beneath the Moon,1
7 Days of Funk,7 Days of Funk,488
Brandy Clark,12 Stories,2
Def Dee,33 and a Third,79
Palma Violets,180,0
Durag Dynasty,360 Waves,0
The 1975,The 1975,25
Doyle,Abominator,1
Adopted as Holograph,Adopted as Holograph,30
Gesaffelstein,Aleph,4
Black Star Riders,All Hell Breaks Loose,1
Heavatar,Opus I - All My Kingdoms,27
Ivan & Alyosha,All the Times We Had,7
All Things New,All Things New,11634
Atoms for Peace,Amok,0
Andy Kaufman,Andy and His Grandmother,60
Anitta,Anitta,9
Crooked I,Apex Predator,0
Boogarins,As Plantas Que Curam,0
Alex Faith,ATLast,2
RUFUS,Atlas,20
Bastille,Bad Blood,160
Dimmi Argus,Bad Dream,0
Mamadee,Beautiful Soul,51
Jenny Simmons,The Becoming,15
Bo Bruce,Before I Sleep,1
Broiler,The Beginning,1053
Kevin Walker,Belong,8
Love and Death,Between Here & Lost,398
The Rage,Big Spill,75
Arcane Roots,Blood & Chemistry,17
AlunaGeorge,Body Music,571
Chvrches,The Bones of What You Believe,517
Johnny Borrell,Borrell 1,0
Bosnian Rainbows,Bosnian Rainbows,0
Brady Toops,Brady Toops,0
Yohio,Break the Border,1
Feed Me,Calamari Tuesday,2
Capital Kings,Capital Kings,4
Eight Bells,The Captain's Daughter,0
Tim Timmons,Cast My Cares,0
Rodrigo Amarante,Cavalo,0
Kimberley Walsh,Centre Stage,0
Chelsea Light Moving,Chelsea Light Moving,78
The Child of Lov,The Child of Lov,979
Shiritsu Ebisu Chugaku,Chunin,0
Purson,The Circle and the Blue Door,52
Beastmilk,Climax,20
Logos,Cold Mission,11
Splashh,Comfort,225
Dawid Podsiadlo,Comfort and Happiness,0
Body/Head,Coming Apart,56
Heliotropes,A Constant Sea,2
Goodnight Sunrise,Create/Destroy/Create,0
Fit for a King,Creation | Destruction,68
Milk Music,Cruise Your Illusion,0
Marnie,Crystal World,22
Wampire,Curiosity,38
Maggie Rose,Cut to Impress,0
Mat Zo,Damage Control,0
Dami Im,Dami Im,0
Danielle Bradbery,Danielle Bradbery,1
Haim,Days Are Gone,90
Jason van Wyk,Days You Remember,0
Sworn In,The Death Card,5
Solamors,Depravity's Demise,0
Raven Lord,Descent to the Underworld,3
Device,Device,46
Ed Roland and the Sweet Tea Project,Devils 'n Darlins,0
Hot Natured,Different Sides of the Sun,23
Spekti,Diktaattorimies,0
Sound of Contact,Dimensionaut,21
Krista Siegfrids,Ding Dong!,0
Angel Haze,Dirty Gold,5
Phildel,The Disappearance of the Girl,1376
Daniel Padilla,DJP,0
Ejecta,Dominae,0
Tiger Bell,Don't Wanna Hear About Your Band!,12
Earl Sweatshirt,Doris,198
Shine Bright Baby,Dreamers,2
Drenge,Drenge,0
Friendzone,DX,10
CRE3P,Echoes,45
Maite Perroni,Eclipse de Luna,0
Karl Hyde,Edgeland,0
Gotay,El Del Vibrato,0
Gabrielle Aplin,English Rain,0
Forest Swords,Engravings,0
Freddie Gibbs,ESGN,231
The Digital Age,Evening:Morning,46
Everfound,Everfound,0
Modestep,Evolution Theory,2
French Montana,Excuse My French,316
Shama Rahman,Fable:Time,0
Factory Floor,Factory Floor,7
The Fall Risk,The Fall Risk Volume No. 1,6
Autumn Hill,Favourite Mistake,0
S7N,Fearless,27
Pity Sex,Feast of Love,0
Deap Vally,Femejism,0
Fidlar,Fidlar,1
Seduce the Heaven,Field of Dreams,19
Denise Rosenthal,Fiesta,0
Heaven's Basement,Filthy Empire,0
State Champs,The Finer Things,4
Starkill,Fires of Life,15
Lee Hi,First Love,65
Havana Brown,Flashing Lights,0
Fatin Shidqia,For You,1
Cassadee Pope,Frame by Frame,0
Magnus Karlsson's Free Fall,Free Fall,113
Loadstar,Future Perfect,190
HBK Gang,Gang Forever,44
William Beckett,Genuine & Counterfeit,0
Krewella,Get Wet,53
Leslie Clio,Gladys,0
Dre Murray,Gold Rush: Maybe One Day,4
Woodkid,The Golden Age,87
Butcher Babies,Goliath,0
Ghost Ship,The Good King,6
Tasha Cobbs,Grace,17
SULK,Graceless,2
Jontte Valosaari,Haastaja,0
Kirstine Stubbe Teglbjaerg,Hamskifte,0
Hannah Rose,Hannah Rose,2
No Malice,Hear Ye Him,26
Steve Hare,Cast My Cares,0
Newsted,Heavy Metal Music,32
JKT48,Heavy Rotation,37
Willy Moon,Here's Willy Moon,0
Janet Devlin,Hide & Seek,0
Sturgill Simpson,High Top Mountain,0
The Uncluded,Hokey Fright,0
Rudimental,Home,2649
Naughty Boy,Hotel Cabana,0
The Neighbourhood,I Love You.,3244
Daughter,If You Leave,543
London Grammar,If You Wait,15
Richard & Adam,The Impossible Dream,78
Kodaline,In a Perfect World,274
Capital Cities,In a Tidal Wave of Mystery,4
Guards,In Guards We Trust,20
Peace,In Love,5706
Volto!,Incitare,0
Samo,Inevitable,58
Public Service Broadcasting,Inform - Educate - Entertain,0
Wild Belle,Isles,1
Thomas Rhett,It Goes Like This,724
Megan Hilty,It Happens All The Time,195
Jackie Thomas,Jackie Thomas,0
James Arthur,James Arthur,11
John Wizards (musical group),John Wizards,24
Kavka Shishido,Kavkanize,0
Andrew Stockdale,Keep Moving,0
The Virginmarys,King of Conflict,13
Crash of Rhinos,Knots,0
Infinite,Koi ni Ochiru Toki,0
Avalon,The Land of New Hope,1006
Wilkinson,Lazers Not Included,0
Leanne Mitchell,Leanne Mitchell,0
E-girls,Lesson 1,12
Letherette,Letherette,0
Tony Levin Marco Minnemann & Jordan Rudess,Levin Minnemann Rudess,0
Myka Relocate,Lies to Light the Way,4
Burna Boy,L.I.F.E - Leaving an Impact for Eternity,0
Rittz,The Life and Times of Jonny Valiant,8
Transparent,Light in Darkness,19
Silverline,Lights Out,322
Lizzo,Lizzobangers,9
Alex Sirvent,Lo mejor que me paso en la vida,0
LoCash Cowboys,LoCash Cowboys,0
Stooshe,London with the Lights On,1153
The Lone Bellow,The Lone Bellow,114
Tom Odell,Long Way Down,7
ASAP Rocky,Long. Live. ASAP,35
Lizzy's Husband,A Loud Silence,0
R5,Louder,28
Silente,Lovac na cudesa,0
Hyolyn,Love & Hate,5431
Love & the Outcome,Love & the Outcome,5431
Citizen Way,Love Is the Evidence,1713
Jahmene Douglas,Love Never Fails,0
James Skelly & The Intenders,Love Undercover,877
Gemini Syndrome,Lux,1
Christopher Owens,Lysandre,0
Jessica Sanchez,Me You & the Music,20
MellowHigh,MellowHigh,5
Melt Yourself Down,Melt Yourself Down,437
Johnny Marr,The Messenger,0
Colton Dixon,A Messenger,0
Glenn Robinson,Modern Mistakes,0
Clarice Falcao,Monomania,0
Moon Hooch,Moon Hooch,0
Natalie Maines,Mother,2
Treetop Flyers,The Mountain Moves,0
Boldy James,My 1st Chemistry Set,12
Tony Scalzo,My Favorite Year,11
Jarren Benton,My Grandma's Basement,2
Pusha T,My Name Is My Name,2382
Papoose,The Nacirema Dream,15
Natalia Kelly,Natalia Kelly,0
The Neverclaim,The Neverclaim,0
PJ Morton,New Orleans,3
Troy Ave,New York City: The Album,1012
Mack Wilds,New York: A Love Story,230
Sky Ferreira,Night Time My Time,916
Nina Rodriguez,Nina Rodriguez,0
Inc. No World,No World,1915
Teen Top,No. 1,619
Noah,Noah,133
Mary Dillon,North,10
Lapalux,Nostalchic,0
Denzel Curry,Nostalgic 64,16
Emblem3,Nothing to Lose,82
Jenni Pulos,Old School Kids Beats,30
Tiwa Savage,Once Upon a Time,192
Emmelie de Forest,Only Teardrops,0
Casseurs Flowters,Orelsan et Gringe sont les Casseurs Flowters,0
Beware of Darkness,Orthodox,0
The History of Apple Pie,Out of View,108
April Weeps,Outer Calm Pain Within,0
Kavinsky,OutRun,5
Palms,Palms,24
Mayra,Parece Amor,0
Ghost Town,Party in the Graveyard,117
Vista Chino,Peace,2
Sharon Needles,PG-13,0
Everything in Slow Motion,Phoenix,5
Nine Muses,Prima Donna,0
Darkside,Psychic,25
La Femme,Psycho Tropical Berlin,0
PUP,PUP,5
Lorde,Pure Heroine,0
Valerie June,Pushin' Against a Stone,1
Necrowretch,Putrid Death Sorcery,0
Marcus Reeves,Quicksilver - The Masquerade Macabre,0
Hilly Eye,Reasons to Live,8
K. Michelle,Rebellious Soul,4
Tyler Farr,Redneck Crazy,0
Mike Stud,Relief,7
Soulfire Revolution,Revival,0
Wallpaper.,Ricky Reed Is Real,1
The Belle Game,Ritual Tradition Habit,0
Charlie Worsham,Rubberband,0
The Julie Ruin,Run Fast,2
The Ongoing Concept,Saloon,5
Tuomas Kauhanen,Sano vaan Tuomas,0
Stagecoach,Say Hi to the Band,161
Scar the Martyr,Scar the Martyr,16
MS MR,Secondhand Rapture,0
Ark of the Covenant,Self Harvest,2
Disclosure,Settle,189
MONEY,The Shadow of Heaven,29
Shehyee,Shehyee,0
Mallory Knox,Signals,0
Savages,Silence Yourself,17
Laura Mvula,Sing to the Moon,11
Colette Carr,Skitszo Collection,0
Every Knee Shall Bow,Slayers of Eden,0
Snakadaktal,Sleep in the Water,11
Small Town Pistols,Small Town Pistols,49
The Strypes,Snapshot,32
Flavel & Neto,So um tempo,0
SOLKs MIO,SOLKs MIO,0
Stop Dead,Some Kind Of Dangerous,201
Isabella Castillo,Sonar no Cuesta Nada,0
Magic Eight Ball,Sorry We're Late But We're Worth The Wait,1
Dirty South,Speed of Life,23
Jacky Vincent,Star X Speed Story,0
Starbomb,Starbomb,0
Selena Gomez,Stars Dance,23
Stars in Stereo,Stars in Stereo,1492
The Paper Kites,States,20
Gerilja,Step Up Your Game,104
Studio Killers,Studio Killers,12
Yancey Boys,Sunset Blvd.,0
Svenstrup & Vendelboe,Svenstrup & Vendelboe,0
Something Awful,Taking Lives,56
Morna,A Tale of Woe,2
Gloryhammer,Tales from the Kingdom of Fife,3
Echosmith,Talking Dreams,66
Tate Stevens,Tate Stevens,0
Taylor Henderson,Taylor Henderson,0
The Temperance Movement,The Temperance Movement,583
NMB48,Teppen Tottande!,0
Celia Pavey,This Music,0
Alee,This Road Goes Everywhere,5
Tim Hicks,Throw Down,3
Luke Kennedy,A Time for Us,1528
Parasite Inc.,Time Tears Down,0
Alex Hepburn,Together Alone,0
Torres,TORRES,18
ASAP Ferg,Trap Lord,63
Mr Probz,The Treatment,22
John Newman,Tribute,23
Haiku Salut,Tricolore,0
Avicii,TRUE,1364
Charli XCX,True Romance,4
Illion,Ubu,0
Jon Connor,Unconscious State,5
Krypts,Unending Degradation,0
Those Who Fear,Unholy Anger,2
Union J,Union J,43
A Friend in London,Unite,55
Aranza,Vivir a Destiempo,0
Youngblood Hawke,Wake Up,0
Isac Elliot,Wake Up World,0
Philip H. Anselmo & The Illegals,Walk Through Exits Only,2
Tom Keifer,The Way Life Goes,257
Sensato del Patio,We Ain't Even Supposed 2 B Here,0
Myname,We Are Myname,0
Rock Candy Funk Party,We Want Groove,8
How to Destroy Angels,Welcome oblivion,3
Dayseeker,What It Means to Be Defeated,383
Atlas Genius,When It Was Now,3513
St. Lucia,When the Night,59
The World Is a Beautiful Place & I Am No Longer Afraid to Die,Whenever If Ever,7006
Swim Deep,Where the Heaven Are We,127
Lucius,Wildewoman,0
The Winery Dogs,The Winery Dogs,118
Wintergatan,Wintergatan,0
oOoOO,Without Your Love,196
W.L.A.K.,W.L.A.K.,0
Rhye,Woman,1243
Vaadat Charigim,The World Is Well Lost,106
Iron Reagan,Worse Than Dead,0
Shane Filan,You and Me,14
Leagues,You Belong Here,26
Ariana Grande,Yours Truly,7
Citizen,Youth,552
Zendaya,Zendaya,24
Zara Larsson,1,12
3Teeth,3TEETH,0
5 Seconds of Summer,5 Seconds of Summer,711
DJ Mustard,10 Summers,94
Eduardo,A Fantastica Fabrica de Cadaver,0
Knife Party,Abandon Ship,0
Margaret,Add the Blonde,2
Fever Fever,Aftermath,84
Rob Lynch,All These Nights in Bars Will Somehow Save My Soul,0
Alvvays,Alvvays,0
Angaleena Presley,American Middle Class,0
Andreas Varady,Andreas Varady,0
Jeremy Loops,Sheer Sound,0
Andrew McMahon in the Wilderness,Andrew McMahon in the Wilderness,0
Anja Nissen,Anja Nissen,0
The Wytches,Annabel Dream Reader,0
Tinashe,Aquarius,128
Ellie Holcomb,As Sure as the Sun,34
Jason Lancaster,As You Are,48
Joke,Ateyaba,276
Babymetal,Babymetal,0
Catfish and the Bottlemen,The Balcony,73
Sir Michael Rocks,Banco,32
Banda do Mar,Banda do Mar,46
Devil You Know,The Beauty of Destruction,135
Magic Man,Before the Waves,64
In The Valley Below,The Belt,12802
Benjamin Booker,Benjamin Booker,7
Hamilton Leithauser,Black Hours,0
Untold,Black Light Spiral,2
Lo-Fang,Blue Film,0
The Preatures,Blue Planet Eyes,0
Blues Pills,Blues Pills,0
Sheppard,Bombs Away,3
Antemasque,Antemasque,0
Benny Tipene,Bricks,0
Azealia Banks,Broke with Expensive Taste,57
Sleepwave,Broken Compass,1
Chet Faker,Built on Glass,0
Ashley Roberts,Butterfly Effect,0
California Breed,California Breed,4
Damian Anache,Capturas del Unico Camino,0
The Underachievers,Cellar Door: Terminus ut Exordium,8
Christine and the Queens,Chaleur humaine,2
Ella Henderson,Chapter One,0
Chris Webby,Chemically Imbalanced,1
City Harbor,City Harbor,4
Clipping,CLPPNG,1
Cole Swindell,Cole Swindell,4
The Colourist,The Colourist,0
The Common Linnets,The Common Linnets,699
Conquering Dystopia,Conquering Dystopia,0
Chuck Inglish,Convertibles,63
Tessanne Chin,Count On My Love,60
Cozz,Cozz & Effect,78
Traci Braxton,Crash & Burn,2
Crosses,Crosses,42
Karen O,Crush Songs,1
The Wah Wah Collective,Cry Baby Soul,1
September Girls,Cursing the Sea,0
JUL,Dans ma paranoia,0
Darren Espanto,Darren,27
Lonely the Brave,The Day's War,9
Daley,Days & Nights,3230
Young Fathers,Dead,220
Beatrice Eli,Die Another Day,0
Beartooth,Disgusting,37
Charisma.com,Distopping,0
Magic!,Don't Kill the Magic,69
Flight Facilities,Down to Earth,5
Drowners,Drowners,0
Taylor McFerrin,Early Riser,0
Khun Narin,Electric Phin Band,0
Vinyl Theatre,Electrogram,18
Avey Tare's Slasher Flicks,Enter the Slasher House,0
Eric Paslay,Eric Paslay,0
Invent Animate,Everchanger,0
Broods,Evergreen,4
Kate Tempest,Everybody Down,1
The Struts,Everybody Wants,172
Damon Albarn,Everyday Robots,0
Kurt Travis,Everything Is Beautiful,9
Fairies,Fairies,0
Thompson,Family,2263
Kye Kye,Fantasize,0
Luke Sital-Singh,The Fire Inside,1
Mystery Skulls,Forever,4
Afrojack,Forget the World,136
Duo de Twang,Four Foot Shack,0
Freeman,Freeman,29
TV Girl,French Exit,6
Frero Delavega,Frero Delavega,0
Ward Thomas,From Where We Stand,187
Foxes,Glorious,63
Tensnake,Glow,149
Gnarwolves,Gnarwolves,0
Banks,Goddess,525
Doug Seegers,Going Down to the River,18
Kim Dotcom,Good Times,18
Milica Pavlovic,Gover Tela Body Language,0
The Madden Brothers,Greetings from California,14
Nothing,Guilty of Everything,473
Haerts,Haerts,0
Hard Working Americans,Hard Working Americans,678
Phil Rudd,Head Job,1
Leighton Meester,Heartstrings,0
Little Daylight,Hello Memory,2
Erica Campbell,Help,19
Gerard Way,Hesitant Alien,0
Tim Campbell,High School Disco,0
Ludmilla,Hoje,0
Kian Egan,Home,1
Max Collins,Honey from the Icebox,1
Steven James Adams,House Music,0
Hozier,Hozier,11
Fatherson,I Am an Island,23
Oscar Zia,I Don't Know How to Dance,49
Loftland,I Don't Want to Dance,1383
Got a Girl,I Love You but I Must Drive Off This Cliff Now,123
Moose Blood,I'll Keep You in Mind from Time to Time,316
Vianney,Idees blanches,0
Chase Rice,Ignite the Night,1
'68,In Humor and Sadness,0
Nicholas McDonald,In the Arms of an Angel,4
Sam Smith,In the Lonely Hour,57
Elise Testone,In This Life,4
Ella Hooper,In Tongues,0
Electric Youth,Innerworld,3
The Nearly Deads,Invisible Tonight,0
Issues,Issues,1192
Alex & Sierra,It's About Us,180
Todd Terje,It's Album Time,5
John Garcia,John Garcia,0
Jungle,Jungle,207
Kathryn Bernardo,Kathryn,1
Kendji Girac,Kendji,0
Khiyo,Khiyo: Bengali Music with a London Sound,0
Killer Be Killed,Killer Be Killed,767
Yemi Alade,King of Queens,0
Kitten,Kitten,2
Bad Suns,Language & Perspective,29
I Divide,Last One Standing,109
Bas,Last Winter,218
Leslie Odom Jr.,Leslie Odom Jr.,5
Cash Out,Let's Get It,525
Elisa Lindstrom,Leva,0
K.Flay,Life As A Dog,91
Jess Moskaluke,Light Up the Night,178
Justice Crew,Live by the Words,448
Gloryhound,Loaded Gun,57
Dirty Loops,Loopified,6
Lords of Black,Lords of Black,4868
Sumo Cyco,Lost in Cyco City,0
Lea Michele,Louder,2
Lowtide,Lowtide,0
FKA Twigs,LP1,40
Luicidal,Luicidal,0
Abandon All Ships,Malocchio,0
Real Friends,Maybe This Place Is the Same and We're Just Changing,187
McBusted,McBusted,0
The Vamps,Meet the Vamps,4
Flower Flower,Mi,116
Indila,Mini World,37
Gesu no Kiwami Otome,Miryoku ga Sugoi yo,0
Missing Persons,Missing In Action,15
MKTO,MKTO,0
Far from Alaska,modeHuman,1
Dillon Francis,Money Sucks Friends Rule,1
Sam Hunt,Montevallo,10
Morgan Evans,Morgan Evans,0
Lewis Watson,The Morning,10
Kevin Abstract,MTV1987,42
Tuomas Holopainen,Music Inspired by the Life and Times of Scrooge,57
Candice Glover,Music Speaks,3
YG,My Krazy Life,146
Nadine Lustre,Nadine Lustre,0
Nathan East,Nathan East,0
Crowder,Neon Steeple,0
Klangkarussell,Netzwerk,0
Iggy Azalea,The New Classic,301
Clean Bandit,New Eyes,21
Black Submarine,New Shores,0
Silent Planet,The Night God Slept,13
Puss n Boots,No Fools No Fun,1
Phyno,No Guts No Glory,2
MO,No Mythologies to Follow,11
Tiny Doo,No Safety,5
The Split Squad,Now Hear This...,1310
The Fooo,Off the Grid,10
American Authors,Oh What a Life,338
Stalley,Ohio,444
Abated Mass of Flesh,The Omen King,2
Laura Dickinson,One for My Baby - To Frank Sinatra with Love,9
Isleym,Ou ca nous mene,0
PartyNextDoor,PartyNextDoor Two,267
PE 2.0,People Get Ready,1
Nina Nesbitt,Peroxide,0
Akdong Musician,Play,30
Sam Bailey,The Power of Love,412
Robin Schulz,Prayer,1
Pentatonix,PTX Vols. 1 & 2,0
Karmin,Pulses,0
Hua Chenyu,Quasimodo's Gift,0
Tove Lo,Queen of the Clouds,15
Ghetts,Rebel With a Cause,8
Skrillex,Recess,116
Fred V & Grafix,Recognise,546
Sage the Gemini,Remember Me,26
Ex Hex,Rips,3
Lucy Hale,Road Between,0
You+Me,rose ave.,274
Royal Blood,Royal Blood,10
Tomomi Itano,SxWxAxG,0
Leo Welch,Sabougla Voices,0
Milky Chance,Sadnecessary,0
Perfect Pussy,Say Yes to Love,223
Christon Gray,School of Roses,0
Anette Olzon,Shine,0
Shiori Niiyama,Shiori,0
Shtar Academy,Shtar Academy,0
Iamsu!,Sincerely Yours,20
Gorgon City,Sirens,3
Sisyphus,Sisyphus,0
Ratking,So It Goes,723
Emma Ruth Rundle,Some Heavy Ocean,0
Crobot,Something Supernatural,3
SoMo,SoMo,2
Jhene Aiko,Souled Out,111
Kiesza,Sound of a Woman,88
Manny Phesto,Southside Looking In,0
Collabro,Stars,1417
Bulletrain,Start Talking,222
Chrissie Hynde,Stockholm,0
frnkiero andthe cellabration.,Stomachaches,0
Bleachers,Strange Desire,2
15&,Sugar,3052
Tweedy,Sukierae,0
Peter Furler Band,Sun and Shield,0
Temples,Sun Structures,1
Dan Croll,Sweet Disarray,0
Sylvan Esso,Sylvan Esso,4
Alle Farben,Synesthesia - I Think in Colours,0
Betty Who,Take Me When You Go,1533
Chumped,Teenage Retirement,1
Danilla,Telisik,0
Caleb Johnson,Testify,2
August Alsina,Testimony,212
Jennifer Nettles,That Girl,7
Like Monroe,Things We Think But Never Speak,401
Lena Katina,This Is Who I Am,654
Cassie Ramone,The Time Has Come,1650
East India Youth,Total Strife Forever,0
JTR,Touchdown,41
Starset,Transmissions,4
Sohn,Tremors,4
Michael Cera,True That,44
Cassper Nyovest,Tsholofelo,7
Twin Forks,Twin Forks,0
Julian Casablancas+The Voidz,Tyranny,1
Logic,Under Pressure,133
Brutto,Underdog,38
Steffany Gretzinger,The Undoing,0
Kim Cesarion,Undressed,0
DJ DX,The Unfortunate Child,2
Madeline Juno,The Unknown,0
Yung Lean,Unknown Memory,3
Unspoken,Unspoken,12
Anderson .Paak,Venice,379
Teyana Taylor,VII,97
Islander,Violence & Destruction,539
Ben Aqua,Virtual Anticipation,0
Hari Kondabolu,Waiting for 2042,0
BTS,Wake Up,453
George Ezra,Wanted on Voyage,0
NONONO,We Are Only What We Feel,1400
Devilskin,We Rise,284
The Last Internationale,We Will Reign,2047
Marmozets,The Weird and Wonderful Marmozets,8
Neon Jungle,Welcome to the Jungle,203
Dan + Shay,Where It All Began,209
PVRIS,White Noise,31
Neck Deep,Wishful Thinking,2
Noosa,Wonderland,37
Porter Robinson,Worlds,6
Sarah Brusco,The Woven Whisper,0
Wovenwar,Wovenwar,0
Black Crown Initiate,The Wreckage of Stars,3
Jon Pardi,Write You a Song,319
Darkness Divided,Written in Blood,1
Justimus,Wunderboy,0
Awkwafina,Yellow Ranger,0
Grant Nicholas,Yorktown Heights,0
Young & Sick,Young & Sick,5394
Glass Animals,Zaba,10
Mike Score,Zeebratta,12
Amber Run,5am,23
Fifi Cooper,20FIFI,0
AOA,Ace of Angels,2
Madeon,Adventure,49
Chiquis Rivera,Ahora,1
Algiers,Algiers,0
Steve Grand,All American Boy,6
Raury,All We Need,1199
Elysia Crampton,American Drift,0
Boots,Aquaria,115
Willow,Ardipithecus,33
Emtee,Avery,17
Halsey,Badlands,66
Miss Fame,Beauty Marked,2
Joey Badass,B4.Da.$$,69
SOAK,Before We Forgot How to Dream,121
Jordan Feliz,Beloved,4
Ben Haenow,Ben Haenow,0
Act of Defiance,Birth and the Burial,13
Andee,Black and White Heart,44
Dear Rouge,Black To Gold,1
BiSH,Brand-new idol SHiT,1
The Shires,Brave,43
Amanda Cook,Brave New World,0
Canaan Smith,Bronco,0
WorshipMob,Carry the Fire,25
Viper Solfa,Carving an Icon,0
Kriswontwo,Ceremoni,0
Louane,Chambre 12,0
James Bay,Chaos and the Calm,60
Andra Day,Cheers to the Fall,337
NERVO,Collateral,21
Leon Bridges,Coming Home,10
Years & Years,Communion,7332
Conchita Wurst,Conchita,0
Melanie Martinez,Cry Baby,2
Jlin,Dark Energy,56
Sumac,The Deal,2031
Zoe,Debut,4062
The Gentle Storm,The Diary,7
Helena Hauff,Discreet Desires,0
DIA,Do It Amazing,281
Kirby Maurier,Doing the Most,1
Borns,Dopamine,10
David J Newton,Drawing Songs,1
Dreamteam,Dreams Never Die,13
Fantine Tho,Only Human,0
Joel Hoekstra's 13,Dying to Live,5
Heems,Eat Pray Thug,2
Wes Mack,Edge of the Storm,9
Floating Points,Elaenia,2
Omen,Elephant Eyes,10
Kamasi Washington,The Epic,14
Alvaro Soler,Eterno agosto,0
Deradoorian,The Expanding Flower Planet,0
Sabrina Carpenter,Eyes Wide Open,0
Michelle Chamuel,Face the Fire,1
Riky Rick,Family Values,1
Markis Precise,The Feeling of Flying,26
Bully,Feels Like,844
Ella Eyre,Feline,0
Fetty Wap,Fetty Wap,657
Nekfeu,Feu,0
FFS,FFS,0
Maranatha,Filth,13
Markus Feehily,Fire,0
The Gray Havens,Fire and Stone,52
Juice=Juice,First Squeeze!,130
Kelsea Ballerini,The First Time,4
Ryn Weaver,The Fool,2
Alesso,Forever,687
Ty Dolla Sign,Free TC,86
Various Artists,Fresh Filter Volumn 1,5
Mbongwana Star,From Kinshasa,1
Fawn Spots,Safer Place,0
Acrassicauda,Gilgamesh,0
Arty,Glorious,63
King Los,God Money War,12
Tobias Jesso Jr.,Goon,1
Nate Ruess,Grand Romantic,0
Chon,Grow,499
Kate Pierson,Guitars and Microphones,0
Matoma,Hakuna Matoma,0
Marie Ueda,Hanashi wa Sorekara da,0
Shawn Mendes,Handwritten,30
Wild Throne,Harvest of Darkness,0
Marcus & Martinus,Hei,60
David Duchovny,Hell or Highwater,0
Hollywood Vampires,Hollywood Vampires,0
HomeTown,HomeTown,994
DJ Hoppa,'Hoppa and Friends,6
Joywave,How Do You Feel Now?,1837
Theo Fleury,I Am Who I Am,851
Jess Glynne,I Cry When I Laugh,6
The I.L.Y's,I've always been good at true love,177
Ibeyi,Ibeyi,1
Nate Mendel,If I Kill This Thing We're All Going to Eat for a Week,15
Worriers,Imaginary Life,8
Jamie xx,In Colour,29
Revulsed,Infernal Atrocity,0
XXI,Inside Out,534
Attalus,Into the Sea,48
Tina Campbell,It's Personal,1
Jack Pack,Act Two,18
Jamie Lawson,Jamie Lawson,0
Andrea Faustini,Kelly,0
Operation: Mindcrime,The Key,2
Zella Day,Kicker,1
Alessia Cara,Know-It-All,37
Kyle Gass Band,Kyle Gass Band,4
Kirk Knight,Late Knight Special,40
Tyler Carter,Leave Your Love,8
Carl Barat and The Jackals,Let it Reign,0
Rixton,Let the Road,165
Sigma,Life,5757
Once Human,The Life I Remember,940
Murder Void,Life Is Yours,3
Loudspeakers,Lighthouse,1
Wiki,Lil Me,2226
Garnidelia,Linkage Ring,0
Casey Veggies,Live & Grow,144
Matthew Shipp & Mat Walerian,Live at Okuden,100
Injury Reserve,Live From the Dentist Office,4
Gunplay,Living Legend,119
Sada K.,Long Story Short,6
Mod Sun,Look Up,42
Red Pill,Look What This World Did To Us,155
Annaleigh Ashford,Lost in the Stars: Live at 54 Below,0
John Carpenter,Lost Themes,1
Kwabs,Love + War,123
Elle King,Love Stuff,56
Fleur East,Love Sax and Flashbacks,0
Smallpools,Lovetap,0
Myrkur,M,230
The Makemakes,The Makemakes,0
Paperi T,Malarian pelko,0
NF,Mansion,342
Empress Of,Me,9712
Omi,Me 4 U,145
Old Dominion,Meat and Candy,0
Michael Ray,Michael Ray,15
Highly Suspect,Mister Asylum,0
Morgan Harper Nichols,Morgan Harper Nichols,1
Morissette Amon,Morissette,0
Kat Dahlia,My Garden,1
Wolf Alice,My Love Is Cool,395
Natalie Prass,Natalie Prass,1
As It Is,Never Happy Ever After,2472
Dave Kerzner,New World,93
Josef Salvat,Night Swim,0
Ivy Levan,No Good,3
Indiana,No Romeo,75
Glassine,No Stairway,1
Bea Miller,Not an Apology,2
Nothing but Thieves,Nothing But Thieves,1646
Oh Wonder,Oh Wonder,34
Jung Yong-hwa,One Fine Day,0
Sweet & Lynch,Only to Rise,290
K Camp,Only Way Is Up,1784
MisterWives,Our Own House,112
Ginny Blackmore,Over the Moon,0
Raz Fresco,Pablo Frescobar,2
Billy Gibbons and The BFG's,Perfectamundo,0
No Devotion,Permanence,5
Galantis,Pharmacy,40
Apink,Pink Season,33
Rifftera,Pitch Black,103
Will Butler,Policy,64
Gang of Youths,The Positions,4
Seinabo Sey,Pretend,1
Sophie,Product,437
Lil Dicky,Professional Rapper,130
Lyca Gairanod,Puede Nang Mangarap,0
Shamir,Ratchet,84
Menace Beach,Ratworld,3
Real Lies,Real Life,1190
Derek Johnson,Real Love,22
Finding Favour,Reborn,0
Fifth Harmony,Reflection,52
Lil Durk,Remember My Name,151
Revolution Saints,Revolution Saints,0
Jennylee,Right On!,5224
Lady Lamb,Ripely Pine,0
Lane 8,Rise,136
Travis Scott,Rodeo,836
Brawlers,Romantic Errors of Our Youth,0
AURORA,Running with the Wolves - EP,82
Saint Asonia,Saint Asonia,0
Shaban Yusuf Joans Foster,Sajni,0
Marriages,Salome,5
Bodega Bamz,Sidewalk Exec,25
Ann Sophie,Silver Into Gold,0
Pacific Gold,Sing My Welcome Home,7
K.O,Skhanda Republic,0
Lindemann,Skills in Pills,3
Jack U,Skrillex and Diplo Present Jack U,10
DJ Paypal,Sold Out,82
Courtney Barnett,Sometimes I Sit and Think and Sometimes I Just Sit,58
Son Little,Son Little,212
The Wainwright Sisters,Songs in the Dark,245
Beyond the Black,Songs of Love and Death,460
Sophia Abrahao,Sophia Abrahao,0
Meg Myers,Sorry,0
Ravenhill,Soul,1029
Drique London,The Manual,0
Kristian Bush,Southern Gravity,0
A Thousand Horses,Southernality,0
Julien Baker,Sprained Ankle,0
Rae Sremmurd,SremmLife,546
Maddie & Tae,Start Here,0
Vince Staples,Summertime '06,54
Cheerleader,The Sunshine of Your Youth,212
Winter,Supreme Blue Dream,7
Donnie Trumpet & The Social Experiment,Surf,102
Swiss Lips,Swiss Lips,0
Symphony Number One Jordan Randall Smith,Symphony Number One,0
Weak13,They Live,1291
Beach Slang,The Things We Do to Find People Who Feel Like Us,301
Jarryd James,Thirty One,2
Emily Kinney,This Is War,0
Joe Moore,A Thousand Lifetimes,0
Cold Creek County,Till the Wheels Come Off,0
Mikky Ekko,Time,2
Meghan Trainor,Title,22
Tom DeLonge,To the Stars... Demos Odds and Ends,0
Nogizaka46,Tomei na Iro,0
Rhiannon Giddens,Tomorrow Is My Turn,27
Bryson Tiller,Trapsoul,239
Chris Stapleton,Traveller,11
Tori Kelly,Unbreakable Smile,1
Rae Morris,Unguarded,0
Hardwell,United We Are,125
Cam,Untamed,262
Tangerine Circus,Urania,0
X Ambassadors,VHS,26
Viet Cong,Viet Cong,1
Pope Francis,Wake Up!,1
The Avener,The Wanderings of the Avener,0
We Are Harlot,We Are Harlot,5270
Emile Haynie,We Fall,4
iKON,Welcome Back,158
Chinx,Welcome to JFK,24
Band of Merrymakers,Welcome to Our Christmas Party,0
Rock City,What Dreams Are Made Of,614
Conveyer,When Given Time to Grow,463
Ykiki Beat,When the World is Wide,341
Alexander Armstrong,A Year of Songs,2182
Robb Banks,Year of the Savage,618
Tyler Shaw,Yesterday,33
Nathaniel Willemse,Yours,0
Migos,Yung Rich Nation,44
Sarsa,Zapomnij mi,0
The Knocks,55,146
Flatbush Zombies,3001: A Laced Odyssey,36
Baauer,Aa,80
Abbath,Abbath,0
Brockhampton,All-American Trash,9
Amanda Black,Amazulu,0
SCH,Anarchie,0
Neon Hitch,Anarchy,0
Anavitoria,Anavitoria,0
Fred Frith Trio,Another Day in Fucking Paradise,0
Banks & Steelz,Anything But Words,487
Anatii,ARTIIFACT,0
CupcakKe,Audacious,16
Nasty C,Bad Hair,5
Bankroll Mafia,Bankroll Mafia,23
Lion Babe,Begin,9
DRAM,Big Baby DRAM,17
Jared Evan,The Blanket Truth,0
Thomas Cohen,Bloom Forever,0
Blossoms,Blossoms,8
Kero Kero Bonito,Bonito Generation,0
Chad,The Book of Chad,61
Caper Clowns,The Buca Bus,0
Halo Circus,Bunny,2
Product of Hate,Buried in Violence,56
Swet Shop Boys,Cashmere,17
Zach Williams,Chain Breaker,2
Bradley Walsh,Chasing Dreams,0
Kygo,Cloud Nine,6
Coasts,Coasts,29
Barrie-James O'Neill,Cold Coffee,0
The Anchoress,Confessions of a Romance Novelist,0
Jamie Isaac,Couch Baby,0
Armageddon,Crossing the Rubicon (Revisited),0
From Ashes to New,Day One,9258
John Tibbs,Dead Man Walking,1
Cait Brennan,Debutante,0
Client Liaison,Diplomatic Immunity,0
DNCE,DNCE,9
The Lemon Twigs,Do Hollywood,0
The Mute Gods,Do Nothing till You Hear from Me,3
Kyle Craft,Dolls of Highland,0
Wet,Don't You,3526
Kiefer Sutherland,Down in a Hole,51
Amy Lee,Dream Too Much,4
Charles Kelley,The Driver,1
Dylan Scott,Dylan Scott,4
DJ Snake,Encore,40
Tom Ricci,Tom Ricci: Escape Into Life,0
Curt Anderson,Every Moment,14
Salvador Sobral,Excuse Me,0
Francis and the Lights,Farewell Starlite!,25
Jessica Sutta,Feline Resurrection,0
Moor Mother,Fetish Bones,0
Failure Anthem,First World Problems,4
Westside Gunn,Flygod,80
Grace,FMA,196
Nao,For All We Know,2262
6lack,Free 6lack,99
Madeline Merlo,Free Soul,0
Zhu,Generationwhy,7
Rebstar,Girls Like Nicole,2
Consumed by Fire,Giving Over,46
Whores,Gold.,1356
Meghan Patrick,Grace & Grit,0
Mick Jenkins,The Healing Component,18
Maren Morris,Hero,10
Bolzer,Hero,207
Thom Sonny Green,High Anxiety,0
DMA's,Hills End,40
Anohni,Hopelessness,5
Mako,Hourglass,6
Okilly Dokilly,Howdilly Doodilly,0
Jon Bellion,The Human Condition,1
Nick Fradiani,Hurricane,1
Rival Choir,I Believe Help My Unbelief,3
Tory Lanez,I Told You,185
Against The Current,In Our Bones,545
Entheos,The Infinite Nothing,5
Safia,Internal,81
Lance Skiiiwalker,Introverted Intuition,9
Kevin Gates,Islah,438
Alex Cameron,Jumping the Shark,0
Kane Brown,Kane Brown,9
Young Dolph,King of Memphis,138
Knocked Loose,Laugh Tracks,1
Kungs,Layers,75
Hinds,Leave Me Alone,60
Dame D.O.L.L.A.,The Letter O,5
Tyson Motsenbocker,Letters to Lost Loves,2
Lewis Del Mar,Lewis Del Mar,5
Lacey Sturm,Life Screams,0
I Prevail,Lifelines,15
Xu Weizhou,Light,0
Whitney,Light Upon the Lake,0
All Tvvins,llVV,0
Lapsley,Long Way Home,212
Majid Jordan,Majid Jordan,36
Dareysteel,Man of the Year,1809
MHD,MHD,3
Margo Price,Midwest Farmer's Daughter,0
Zayn,Mind of Mine,85
Shila Amzah,My Journey,0
Mykki Blanco,Mykki,1
Seth & Nirva,Never Alone,64
Stitched Up Heart,Never Alone,21
Public Access T.V.,Never Enough,2
Young Check'a,Never Seen,181
Nevermen,Nevermen,0
Kel Valhaal,New Introductory Lectures on the System of Transcendental Qabala,0
CRX,New Skin,137
JONES,New Skin,549
Head Wound City,A New Wave of Violence,55
Charlie Puth,Nine Track Mind,0
Mi-Sex,Not from Here,70
Shura,Nothing's Real,2
Gallant,Ology,7
Vorvan,Once Love Was Lost,64
Elliott Power,Once Smitten,5
Eric Prydz,Opus,0
Conrad Keely,Original Machines,0
Hacktivist,Outside the Box,70
Brian Fallon,Painkillers,3
A-Reece,Paradise,244
Delta Heavy,Paradise Lost,2
Redfoo,Party Rock Mansion,7
Brothers Osborne,Pawn Shop,1
Jack Garratt,Phase,2
CNCO,Primera Cita,2
Japanese Breakfast,Psychopomp,0
CDQ,Quality,691
Player Piano,Radio Love,31
Sayaka Yamamoto,Rainbow,0
Kilo Kish,Reflections in Real Time,10
Dorothy,Rockisdead,7
Nina Kraljic,Samo,0
dvsn,SEPT. 5TH,9
Andy Black,The Shadow Side,14
Stephen,Sincerely,270
Daya,Sit Still Look Pretty,41
Deakin,Sleep Cycle,4
Keegan Joyce,Snow on Higher Ground,1
The Zenith Passage,Solipsist,0
Francisco el Hombre,Soltasbruxa,0
Jordan Smith,Something Beautiful,12
Drake White,Spark,199
Lee Jong-hyun,Sparkling Night,0
Sianvar,Stay Lost,108
Post Malone,Stoney,353
Dedekind Cut,$uccessor,0
Nicky Byrne,Sunlight,0
Isaiah Rashad,The Sun's Tirade,17
Kembe X,Talk Back,61
Matt Corby,Telluric,0
Cana's Voice,This Changes Everything,17
TINI,TINI (Martina Stoessel),0
Tkay Maidza,Tkay,0
Cane Hill,Smile,4
Nathan Sykes,Unfinished Business,0
Cimorelli,Up at Night,2179
Virginia to Vegas,Utopian,16
Anna Meredith,Varmints,1
Peter Garrett,A Version of Now,815
William Michael Morgan,Vinyl,0
Viola Beach,Viola Beach,1
Roy Woods,Waking at Dawn,6
Honne,Warm on a Cold Night,156
Tom Chaplin,The Wave,3
We Are Messengers,We Are Messengers,5272
Pearl City Worship,We Won't Be Silent,2
Steven Tyler,We're All Somebody from Somewhere,7
Urban Rescue,Wild Heart,0
Steve Angello,Wild Youth,0
Rachel Platten,Wildfire,3
Lil' Kleine,WOP!,60
Letters from the Fire,Worth the Pain,102
Raleigh Ritchie,You're a Man Now Boy,52
Alfie Arcuri,Zenith,0
Zoax,Zoax,0
Cashmere Cat,9,35
ASAP Twelvyy,12,63
XXXTentacion,17,2341
South Club,90,168
Princess Nokia,1992 Deluxe,8
Khalid,American Teen,31
Moses Sumney,Aromanticism,1
Liam Gallagher,As You Were,5
Vic Mensa,The Autobiography,457
Alexandra Savior,Belladonna of Sadness,0
A Boogie wit da Hoodie,The Bigger Artist,299
Smino,blkswn,52
Beau Dermott,Brave,0
Brett Young,Brett Young,0
PnB Rock,Catch These Vibes,14
Cindy Wilson,Change,12
Jidenna,The Chief,843
Cigarettes After Sex,Cigarettes After Sex,317
Amber Coffman,City of No Reply,13
Allie X,CollXtion II,0
Lil Peep,Come Over When You're Sober Pt. 1,11
J Hus,Common Sense,20
Judah Kelly,Count On Me,1
Lute,West1996 pt. 2,4
Crystal Fairy,Crystal Fairy,0
SZA,Ctrl,192
Cody Carnes,The Darker the Night / The Brighter the Morning,0
Smokepurpp,Deadstar,135
Jason Manford,A Different Stage,3
Austin Mahone,Dirty Work,3
GJan,Do It,5468
Rob $tone,Don't Wait For It,404
Dreamcar,Dreamcar,2
Dua Lipa,Dua Lipa,18
Vant,Dumb Blood,6
Tired Lion,Dumb Days,0
Creeper,Eternity in Your Arms,0
Carly Pearce,Every Little Thing,1
Stills & Collins,Everybody Knows,12
Can't Swim,Fail You Again,5
Beth Ditto,Fake Sugar,0
The Regrettes,Feel Your Feelings Fool!,98
Syd,Fin,46
Niall Horan,Flicker,7
Superfruit,Future Friends,276
Stormzy,Gang Signs & Prayer,56
Sevyn Streeter,Girl Disrupted,1
Gizmodrome,Gizmodrome,0
Amine,Good for You,3173
TC&I,Great Aspirations,68
Charly Bliss,Guppy,0
Cosmic Girls,Happy Moment,17
Harry Styles,Harry Styles,20
KARD,Hola Hola,8
Peter Perrett,How the West Was Won,42
Rag'n'Bone Man,Human,116
G Herbo,Humble Beast,51
Dhani Harrison,In Parallel,0
VUUR,In This Moment We Are Free - Cities,73
Wincent Weiss,Irgendwas gegen die Stille,0
21 Savage,Issa Album,332
IDK,IWasVeryBad,103
Gabriel Garzon-Montano,Jardin,1
Jona Viray,Jona,0
Grace VanderWaal,Just the Beginning,7
King Satan,King Fucking Satan,2
Hippo Campus,Landmark,0
A Very Loud Death,Lanterns,6
LANY,LANY,0
Kacy Hill,Like a Woman,14
Lil Pump,Lil Pump,222
Sofia Reyes,Louder!,1
Bobby,Love and Fall,501
The Big Moon,Love in the 4th Dimension,46
Meg Mac,Low Blows,1
Rezz,Mass Manipulation,0
Nothing But You,Meant to Be,8054
the Chainsmokers,Memories...Do Not Open,315
Sayuri,Mikazuki no Koukai,0
Ded,Mis*an*thrope,0
Mura Masa,Mura Masa,9
Joe Scarborough,Mystified,2
Mito Natsume,Natsumelo,0
Sheer Mag,Need To Feel Your Love,190
Iglooghost,Neo Wax Bloom,0
J.I.D,The Never Story,709
Madeline Kenney,Night Night at the First Landing,16
Cyhi the Prynce,No Dope on Sundays,42
Midland,On the Rocks,228
Peter Toussaint,One Day,35
Nines,One Foot Out,162
Tokio Myers,Our Generation,0
Kodak Black,Painting Pictures,64
Playboi Carti,Playboi Carti,439
Poppy,Poppy.Computer,20
Powerflo,Powerflo,0
Sampha,Process,949
Lindsay Ell,The Project,1
Prophets of Rage,Prophets of Rage,348
Sons of Apollo,Psychotic Symphony,0
Quality Control,Quality Control: Control the Streets Volume 1,91
JP Cooper,Raised Under Grey Skies,0
Mike Will Made It,Ransom 2,1149
Residente,Residente,7
Vancouver Sleep Clinic,Revival,0
Wild Fire,Revolt,55
Exit Eden,Rhapsodies in Black,0
Ocean Grove,The Rhapsody Tapes,0
Shekhinah,Rose Gold,59
Ruth B,Safe Haven,1
Sofia Ellar,Seis peniques,0
Sheridan Smith,Sheridan,0
Aquilo,Silhouettes,444
Rex Brown,Smoke on This...,35
Caitlyn Shadbolt,Songs on My Sleeve,11
Joanna Forest,Stars Are Rising,0
Kehlani,SweetSexySavage,205
Jaden Smith,Syre,87
Danger,Tai Gu ,0
Kelela,Take Me Apart,80
Lil Yachty,Teenage Emotions,78
Blaenavon,That's Your Lot,351
A. Savage,Thawing Dawn,1
Frances,Things I've Never Said,85
Luke Combs,This One's for You,160
Allison Crutchfield,Tourist In This Town,2
Matt Terry,Trouble,9
Slotface,Try Not to Freak Out,631
Levina,Unexpected,211
Karol G,Unstoppable,4
Pabllo Vittar,Vai Passar Mal,0
Una Healy,The Waiting Game,0
5kMiles,Walking in Circles,1
Josh Todd & The Conflict,Year of the Tiger,132
Shane Eagle,Yellow,2
Dams of the West,Youngish American,141
Russell Dickerson,Yours,3
Rich Brian,Amen,31
Jonathan Davis,Black Labyrinth,7
Camila Cabello,Camila,52
Devin Dawson,Dark Horse,0
Famous Dex,Dex Meets Dexter,20
Dita Von Teese,Dita Von Teese,0
Dream Wife,Dream Wife,34
Bebe Rexha,Expectations,20
Hayley Kiyoko,Expectations,0
Ashley McBryde,Girl Going Nowhere,0
Lanco,Hallelujah Nights,0
Phew and Alrahim Wright III,Here's a Phew,0
Saweetie,High Maintenance,7
Jordan Davis,Home State,14
Cardi B,Invasion of Privacy,52
UP10TION,Invitation,56
Kali Uchis,Isolation,28
Chloe x Halle,The Kids Are Alright,11
L.A.R.S.,Last American Rock Stars,13
Lil Skies,Life of a Dark Rose,92
Lo Moon,Lo Moon,9
Jorja Smith,Lost & Found,52
Amy Shark,Love Monster,1
Terror Universal,Make Them Bleed,0
NCT,NCT 2018 Empathy,0
Calum Scott,Only Human,9
Kasbo,Places We Don't Know,36
Poo Bear,Poo Bear Presents Bearthday Music,6
Mike Shinoda,Post Traumatic,0
Maxo Kream,Punken,91
Rich Homie Quan,Rich as in Spirit,559
Shame,Songs of Praise,103
Anne-Marie,Speak Your Mind,0
Angie,Suicidal Since 1995,0
Superorganism,Superorganism,0
The Academic,Tales from the Backseat,213
MitiS,'Til the End,51
Lil Xan,Total Xanarchy,25
YoungBoy Never Broke Again,Until Death Call My Name,36
EDEN,vertigo,10
Nipsey Hussle,Victory Lap,57
Rich the Kid,The World Is Yours,1079
Myles Kennedy,Year of the Tiger,95
Fickle Friends,You Are Someone Else,340