artist,album,genre,single_count
Flash Bang Grenada,10 Haters,hiphop,0
Aggro Santos,AggroSantos.com,hiphop,3
AKA,Altar Ego,hiphop,4
Shlohmo,Bad Vibes,hiphop,0
Glasses Malone,Beach Cruiser,hiphop,4
Shabazz Palaces,Black Up,hiphop,0
Mac Miller,Blue Slide Park,hiphop,4
Phonte,Charity Starts at Home,hiphop,0
J. Cole,Cole World: The Sideline Story,hiphop,3
Cities Aviv,Digital Lows,hiphop,0
Pac Div,The DiV,hiphop,0
B.G. Knocc Out,Eazy-E's Protege,hiphop,1
AraabMuzik,Electronic Dream,hiphop,0
Emika,Emika,hiphop,5
Big Sean,Finally Famous,hiphop,3
Jay Rock,Follow Me Home,hiphop,2
Torae,For the Record,hiphop,2
Dom Kennedy,From the Westside with Love II,hiphop,0
DELS,GOB,hiphop,4
Saigon,The Greatest Story Never Told,hiphop,4
Clams Casino,Instrumentals,hiphop,0
Cali Swag District,The Kickback,hiphop,3
Ab-Soul,Longterm Mentality,hiphop,0
Mann,Mann's World,hiphop,3
Mindless Behavior,#1 Girl,hiphop,4
The Internet,Purple Naked Ladies,hiphop,4
Yelawolf,Radioactive,hiphop,2
Smoke DZA,Rolling Stoned,hiphop,0
Mr. Envi',Rydaz Redemption,hiphop,0
Kendrick Lamar,Section.80,hiphop,1
ScHoolboy Q,Setbacks,hiphop,0
X-Pistols,Shoot To Kill,hiphop,0
Rizzle Kicks,Stereo Typical,hiphop,24
Cher Lloyd,Sticks and Stones,hiphop,4
Fly Union,TGTC (The Greater Than Club),hiphop,4
Theophilus London,Timez Are Weird These Days,hiphop,1
Snow Tha Product,Unorthodox,hiphop,0
Max B,Vigilante Season,hiphop,0
Verbal,Visionair,hiphop,3
SNO (Lil Wyte JellyRoll BPZ),Year Round,hiphop,4
Koncept,Awaken,hiphop,0
THEESatisfaction,awE naturalE,hiphop,0
Cover Drive,Bajan Style,hiphop,4
2 Chainz,Based on a T.R.U. Story,hiphop,3
DeStorm Power hosted by DJ Whoo Kid,Be Careful,hiphop,5
Gary Clark Jr.,Blak and Blu,hiphop,2
Main Attrakionz,Bossalinis & Fooliyones,hiphop,0
Chiddy Bang,Breakfast,hiphop,2
The Gaslamp Killer,Breakthrough,hiphop,0
Kalenna Harper,Chamber of Diaries,hiphop,3
Meek Mill,Dreams and Nightmares,hiphop,4
Toya Delazy,Due Drop,hiphop,5
Labrinth,Electronic Earth,hiphop,6
The Hood Internet,FEAT,hiphop,0
Tulisa,The Female Boss,hiphop,3
Chief Keef,Finally Rich,hiphop,3
Travis Porter,From Day 1,hiphop,4
Delilah,From the Roots Up,hiphop,5
Rye Rye,Go! Pop! Bang!,hiphop,3
Loreen,Heal,hiphop,5
Macklemore & Ryan Lewis,The Heist,hiphop,5
Hiphop Tamizha,Hip Hop Tamizhan,hiphop,0
Rapsody,The Idea of Beautiful,hiphop,0
JJ Doom,Key to the Kuffs,hiphop,0
Machine Gun Kelly,Lace Up,hiphop,3
Big K.R.I.T.,Live from the Underground,hiphop,4
Envy,The Magic Soup and the Bittersweet Faces,hiphop,1
Riz MC,Microscope,hiphop,1
Lil Ugly Mane,Mista Thug Isolation,hiphop,0
Froggy Fresh,Money Maker (Reloaded),hiphop,0
Death Grips,The Money Store,hiphop,1
Davido,Omo Baba Olowo,hiphop,7
Kool A.D.,The Palm Wine Drinkard,hiphop,0
Future,Pluto,hiphop,5
JK Flesh,Posthuman,hiphop,0
Jeremiah Jae,Raw Money Raps,hiphop,1
Beautiful Eulogy,Satellite Kite,hiphop,0
Kreayshawn,Somethin' 'Bout Kreay,hiphop,3
Dan Le Sac,Space Between the Words,hiphop,3
The Original Rudeboys,This Life,hiphop,4
Diggy Simmons,Unexpected Arrival,hiphop,5
Kid Ink,Up & Away,hiphop,6
Swoope,Wake Up,hiphop,0
Terrace Martin,3ChordFold,hiphop,1
King Krule,6 Feet Beneath the Moon,hiphop,0
Def Dee,33 and a Third,hiphop,0
Durag Dynasty,360 Waves,hiphop,0
Crooked I,Apex Predator,hiphop,1
Alex Faith,ATLast,hiphop,0
Bo Bruce,Before I Sleep,hiphop,3
Feed Me,Calamari Tuesday,hiphop,2
Capital Kings,Capital Kings,hiphop,2
Angel Haze,Dirty Gold,hiphop,2
Earl Sweatshirt,Doris,hiphop,3
Friendzone,DX,hiphop,0
Freddie Gibbs,ESGN,hiphop,1
French Montana,Excuse My French,hiphop,3
HBK Gang,Gang Forever,hiphop,0
Dre Murray,Gold Rush: Maybe One Day,hiphop,0
No Malice,Hear Ye Him,hiphop,0
The Uncluded,Hokey Fright,hiphop,0
Naughty Boy,Hotel Cabana,hiphop,5
Letherette,Letherette,hiphop,0
Rittz,The Life and Times of Jonny Valiant,hiphop,1
Lizzo,Lizzobangers,hiphop,0
Stooshe,London with the Lights On,hiphop,32
ASAP Rocky,Long. Live. ASAP,hiphop,4
MellowHigh,MellowHigh,hiphop,2
Boldy James,My 1st Chemistry Set,hiphop,2
Jarren Benton,My Grandma's Basement,hiphop,1
Pusha T,My Name Is My Name,hiphop,5
Papoose,The Nacirema Dream,hiphop,3
Troy Ave,New York City: The Album,hiphop,0
Denzel Curry,Nostalgic 64,hiphop,0
Jenni Pulos,Old School Kids Beats,hiphop,0
Casseurs Flowters,Orelsan et Gringe sont les Casseurs Flowters,hiphop,1
Mike Stud,Relief,hiphop,0
Wallpaper.,Ricky Reed Is Real,hiphop,2
Shehyee,Shehyee,hiphop,0
Starbomb,Starbomb,hiphop,21
Yancey Boys,Sunset Blvd.,hiphop,1
ASAP Ferg,Trap Lord,hiphop,3
Mr Probz,The Treatment,hiphop,3
Jon Connor,Unconscious State,hiphop,0
How to Destroy Angels,Welcome oblivion,hiphop,1
W.L.A.K.,W.L.A.K.,hiphop,0
DJ Mustard,10 Summers,hiphop,1
Eduardo,A Fantastica Fabrica de Cadaver,hiphop,0
Joke,Ateyaba,hiphop,7
Sir Michael Rocks,Banco,hiphop,1
The Underachievers,Cellar Door: Terminus ut Exordium,hiphop,0
Chris Webby,Chemically Imbalanced,hiphop,5
Clipping,CLPPNG,hiphop,0
Chuck Inglish,Convertibles,hiphop,3
Cozz,Cozz & Effect,hiphop,4
Young Fathers,Dead,hiphop,0
Charisma.com,Distopping,hiphop,3
Broods,Evergreen,hiphop,3
Kate Tempest,Everybody Down,hiphop,0
Damon Albarn,Everyday Robots,hiphop,5
TV Girl,French Exit,hiphop,1
Banks,Goddess,hiphop,4
Got a Girl,I Love You but I Must Drive Off This Cliff Now,hiphop,2
Bas,Last Winter,hiphop,0
Cash Out,Let's Get It,hiphop,3
K.Flay,Life As A Dog,hiphop,0
Gesu no Kiwami Otome,Miryoku ga Sugoi yo,hiphop,3
MKTO,MKTO,hiphop,5
Kevin Abstract,MTV1987,hiphop,2
YG,My Krazy Life,hiphop,4
Iggy Azalea,The New Classic,hiphop,5
Tiny Doo,No Safety,hiphop,0
Stalley,Ohio,hiphop,3
PE 2.0,People Get Ready,hiphop,0
Ghetts,Rebel With a Cause,hiphop,4
Sage the Gemini,Remember Me,hiphop,5
Shtar Academy,Shtar Academy,hiphop,1
Iamsu!,Sincerely Yours,hiphop,2
Sisyphus,Sisyphus,hiphop,1
Ratking,So It Goes,hiphop,4
Manny Phesto,Southside Looking In,hiphop,0
August Alsina,Testimony,hiphop,6
Cassper Nyovest,Tsholofelo,hiphop,3
Logic,Under Pressure,hiphop,2
DJ DX,The Unfortunate Child,hiphop,0
Yung Lean,Unknown Memory,hiphop,0
Anderson .Paak,Venice,hiphop,2
Teyana Taylor,VII,hiphop,3
BTS,Wake Up,hiphop,3
Awkwafina,Yellow Ranger,hiphop,0
Fifi Cooper,20FIFI,hiphop,0
Raury,All We Need,hiphop,0
Boots,Aquaria,hiphop,0
Joey Badass,B4.Da.$$,hiphop,8
Kriswontwo,Ceremoni,hiphop,0
Dreamteam,Dreams Never Die,hiphop,4
Heems,Eat Pray Thug,hiphop,0
Omen,Elephant Eyes,hiphop,1
Riky Rick,Family Values,hiphop,4
Markis Precise,The Feeling of Flying,hiphop,1
Fetty Wap,Fetty Wap,hiphop,4
Nekfeu,Feu,hiphop,4
Ty Dolla Sign,Free TC,hiphop,4
King Los,God Money War,hiphop,4
Kirk Knight,Late Knight Special,hiphop,2
Wiki,Lil Me,hiphop,3
Casey Veggies,Live & Grow,hiphop,2
Injury Reserve,Live From the Dentist Office,hiphop,0
Gunplay,Living Legend,hiphop,4
Mod Sun,Look Up,hiphop,0
Red Pill,Look What This World Did To Us,hiphop,1
Fleur East,Love Sax and Flashbacks,hiphop,2
NF,Mansion,hiphop,3
Empress Of,Me,hiphop,4
Kat Dahlia,My Garden,hiphop,3
Ivy Levan,No Good,hiphop,6
K Camp,Only Way Is Up,hiphop,3
Raz Fresco,Pablo Frescobar,hiphop,6
Lil Dicky,Professional Rapper,hiphop,4
Lil Durk,Remember My Name,hiphop,1
Travis Scott,Rodeo,hiphop,2
Bodega Bamz,Sidewalk Exec,hiphop,0
K.O,Skhanda Republic,hiphop,5
Drique London,The Manual,hiphop,0
Rae Sremmurd,SremmLife,hiphop,5
Vince Staples,Summertime '06,hiphop,3
Donnie Trumpet & The Social Experiment,Surf,hiphop,3
Bryson Tiller,Trapsoul,hiphop,3
Chinx,Welcome to JFK,hiphop,1
Rock City,What Dreams Are Made Of,hiphop,2
Robb Banks,Year of the Savage,hiphop,2
Migos,Yung Rich Nation,hiphop,2
Flatbush Zombies,3001: A Laced Odyssey,hiphop,2
Baauer,Aa,hiphop,3
Brockhampton,All-American Trash,hiphop,0
SCH,Anarchie,hiphop,5
Banks & Steelz,Anything But Words,hiphop,6
Anatii,ARTIIFACT,hiphop,6
CupcakKe,Audacious,hiphop,4
Nasty C,Bad Hair,hiphop,1
Bankroll Mafia,Bankroll Mafia,hiphop,2
DRAM,Big Baby DRAM,hiphop,4
Jared Evan,The Blanket Truth,hiphop,4
Chad,The Book of Chad,hiphop,4
Swet Shop Boys,Cashmere,hiphop,0
Moor Mother,Fetish Bones,hiphop,0
Westside Gunn,Flygod,hiphop,3
Grace,FMA,hiphop,3
6lack,Free 6lack,hiphop,2
Rebstar,Girls Like Nicole,hiphop,0
Mick Jenkins,The Healing Component,hiphop,2
Jon Bellion,The Human Condition,hiphop,2
Tory Lanez,I Told You,hiphop,2
Kevin Gates,Islah,hiphop,4
Young Dolph,King of Memphis,hiphop,1
Dame D.O.L.L.A.,The Letter O,hiphop,0
Dareysteel,Man of the Year,hiphop,0
MHD,MHD,hiphop,3
Mykki Blanco,Mykki,hiphop,3
Seth & Nirva,Never Alone,hiphop,0
Young Check'a,Never Seen,hiphop,2
Elliott Power,Once Smitten,hiphop,4
A-Reece,Paradise,hiphop,5
Redfoo,Party Rock Mansion,hiphop,3
CDQ,Quality,hiphop,6
Post Malone,Stoney,hiphop,6
Isaiah Rashad,The Sun's Tirade,hiphop,1
Kembe X,Talk Back,hiphop,5
Tkay Maidza,Tkay,hiphop,2
Roy Woods,Waking at Dawn,hiphop,2
Lil' Kleine,WOP!,hiphop,0
ASAP Twelvyy,12,hiphop,0
XXXTentacion,17,hiphop,3
Princess Nokia,1992 Deluxe,hiphop,4
Vic Mensa,The Autobiography,hiphop,1
A Boogie wit da Hoodie,The Bigger Artist,hiphop,2
Smino,blkswn,hiphop,4
Jidenna,The Chief,hiphop,4
J Hus,Common Sense,hiphop,4
Lute,West1996 pt. 2,hiphop,0
Smokepurpp,Deadstar,hiphop,4
Rob $tone,Don't Wait For It,hiphop,0
Syd,Fin,hiphop,2
Stormzy,Gang Signs & Prayer,hiphop,4
Amine,Good for You,hiphop,5
G Herbo,Humble Beast,hiphop,3
21 Savage,Issa Album,hiphop,1
IDK,IWasVeryBad,hiphop,2
Kacy Hill,Like a Woman,hiphop,4
Lil Pump,Lil Pump,hiphop,5
Mura Masa,Mura Masa,hiphop,6
J.I.D,The Never Story,hiphop,1
Cyhi the Prynce,No Dope on Sundays,hiphop,2
Nines,One Foot Out,hiphop,1
Kodak Black,Painting Pictures,hiphop,3
Playboi Carti,Playboi Carti,hiphop,3
Quality Control,Quality Control: Control the Streets Volume 1,hiphop,4
Mike Will Made It,Ransom 2,hiphop,3
Residente,Residente,hiphop,2
Jaden Smith,Syre,hiphop,5
Danger,Tai Gu ,hiphop,0
Lil Yachty,Teenage Emotions,hiphop,1
Shane Eagle,Yellow,hiphop,2
Rich Brian,Amen,hiphop,3
Famous Dex,Dex Meets Dexter,hiphop,3
Saweetie,High Maintenance,hiphop,2
Cardi B,Invasion of Privacy,hiphop,4
Kali Uchis,Isolation,hiphop,3
L.A.R.S.,Last American Rock Stars,hiphop,0
Lil Skies,Life of a Dark Rose,hiphop,2
Rich Homie Quan,Rich as in Spirit,hiphop,2
YoungBoy Never Broke Again,Until Death Call My Name,hiphop,2
Nipsey Hussle,Victory Lap,hiphop,2
Travis Barker,Give the Drummer Some,hiphop,1
Marlon Roudette,Matter Fixed,hiphop,4
The Rubberbandits,Serious About Men,hiphop,4
Glory,Celebration,hiphop,1
Jovi,H.I.V (Humanity is Vanishing),hiphop,0
Elokuu,Haavaki saapuu,hiphop,0
Cro,Raop,hiphop,37
Daveed Diggs,Small Things to a Giant,hiphop,0
Spekti,Diktaattorimies,hiphop,3
Tuomas Kauhanen,Sano vaan Tuomas,hiphop,0
Colette Carr,Skitszo Collection,hiphop,20
Something Awful,Taking Lives,hiphop,0
Sensato del Patio,We Ain't Even Supposed 2 B Here,hiphop,6
Azealia Banks,Broke with Expensive Taste,hiphop,4
Dillon Francis,Money Sucks Friends Rule,hiphop,7
Phyno,No Guts No Glory,hiphop,4
Neon Jungle,Welcome to the Jungle,hiphop,5
Justimus,Wunderboy,hiphop,0
Emtee,Avery,hiphop,5
DJ Hoppa,'Hoppa and Friends,hiphop,0
Paperi T,Malarian pelko,hiphop,0
From Ashes to New,Day One,hiphop,4
DJ Snake,Encore,hiphop,4
Xu Weizhou,Light,hiphop,5
Hacktivist,Outside the Box,hiphop,5
Lil Peep,Come Over When You're Sober Pt. 1,hiphop,0
Powerflo,Powerflo,hiphop,3
Prophets of Rage,Prophets of Rage,hiphop,0
Mike Shinoda,Post Traumatic,hiphop,2
Maxo Kream,Punken,hiphop,0
Lil Xan,Total Xanarchy,hiphop,4
Rich the Kid,The World Is Yours,hiphop,3
Alexis Jordan,Alexis Jordan,rnb,3
Joe Jonas,Fastlife,rnb,2
Romeo Santos,Formula Vol. 1,rnb,6
Alyssa Reid,The Game,rnb,3
Rebecca Ferguson,Heaven,rnb,6
Nicole Scherzinger,Killer Love,rnb,5
Marsha Ambrosius,Late Nights & Early Mornings,rnb,2
Mohombi,MoveMeant,rnb,5
Katy B,On a Mission,rnb,6
Jamie Grace,One Song at a Time,rnb,2
Selah Sue,Selah Sue,rnb,4
Six60,Six60,rnb,6
Patrick Stump,Soul Punk,rnb,1
Wizkid,Superstar,rnb,6
V. Rose,V. Rose,rnb,0
Jessie J,Who You Are,rnb,7
Jack Vidgen,Yes I am,rnb,1
Allen Stone,Allen Stone,rnb,0
Ania Teliczan,Ania Teliczan,rnb,1
Frank Ocean,Channel Orange,rnb,5
Conor Maynard,Contrast,rnb,4
XL,Dance All Night,rnb,3
Little Mix,DNA,rnb,4
Bridgit Mendler,Hello My Name Is...,rnb,2
Chad Price,In This Dream,rnb,1
Ivy Quainoo,Ivy,rnb,3
Jin Akanishi,Japonicana,rnb,2
Maverick Sabre,Lonely Are the Brave,rnb,5
Leon Thomas III,Metro Hearts,rnb,0
Michael Lynche,Michael Lynche,rnb,2
Karise Eden,My Journey,rnb,1
Luca Hanni,My Name Is Luca,rnb,0
Rita Ora,Ora,rnb,4
Emeli Sande,Our Version of Events,rnb,5
Cody Simpson,Paradise,rnb,2
Elle Varner,Perfectly Imperfect,rnb,4
The Weeknd,Trilogy,rnb,3
AlunaGeorge,Body Music,rnb,4
The Child of Lov,The Child of Lov,rnb,0
Dami Im,Dami Im,rnb,1
Jontte Valosaari,Haastaja,rnb,2
James Arthur,James Arthur,rnb,4
John Wizards (musical group),John Wizards,rnb,2
E-girls,Lesson 1,rnb,5
Hyolyn,Love & Hate,rnb,2
James Skelly & The Intenders,Love Undercover,rnb,2
Jessica Sanchez,Me You & the Music,rnb,1
PJ Morton,New Orleans,rnb,2
Mack Wilds,New York: A Love Story,rnb,1
Inc. No World,No World,rnb,2
Tiwa Savage,Once Upon a Time,rnb,7
K. Michelle,Rebellious Soul,rnb,2
Laura Mvula,Sing to the Moon,rnb,3
Alex Hepburn,Together Alone,rnb,2
Rhye,Woman,rnb,2
Ariana Grande,Yours Truly,rnb,3
Zendaya,Zendaya,rnb,1
Zara Larsson,1,rnb,4
Tinashe,Aquarius,rnb,3
Chet Faker,Built on Glass,rnb,3
Ashley Roberts,Butterfly Effect,rnb,2
Tessanne Chin,Count On My Love,rnb,2
Traci Braxton,Crash & Burn,rnb,2
The Wah Wah Collective,Cry Baby Soul,rnb,2
Darren Espanto,Darren,rnb,3
Daley,Days & Nights,rnb,2
Tensnake,Glow,rnb,4
Erica Campbell,Help,rnb,3
Ludmilla,Hoje,rnb,5
Hozier,Hozier,rnb,7
Sam Smith,In the Lonely Hour,rnb,7
Issues,Issues,rnb,3
Yemi Alade,King of Queens,rnb,6
FKA Twigs,LP1,rnb,3
Sam Hunt,Montevallo,rnb,5
Candice Glover,Music Speaks,rnb,1
Nadine Lustre,Nadine Lustre,rnb,4
PartyNextDoor,PartyNextDoor Two,rnb,3
Sam Bailey,The Power of Love,rnb,2
Christon Gray,School of Roses,rnb,0
SoMo,SoMo,rnb,5
Jhene Aiko,Souled Out,rnb,3
Kiesza,Sound of a Woman,rnb,5
Sohn,Tremors,rnb,0
Young & Sick,Young & Sick,rnb,2
Glass Animals,Zaba,rnb,4
Willow,Ardipithecus,rnb,0
Andra Day,Cheers to the Fall,rnb,0
Leon Bridges,Coming Home,rnb,2
Kirby Maurier,Doing the Most,rnb,0
Ella Eyre,Feline,rnb,4
Tina Campbell,It's Personal,rnb,0
Alessia Cara,Know-It-All,rnb,3
Tyler Carter,Leave Your Love,rnb,3
Rixton,Let the Road,rnb,4
Sada K.,Long Story Short,rnb,0
Kwabs,Love + War,rnb,4
Shamir,Ratchet,rnb,4
Fifth Harmony,Reflection,rnb,3
Jarryd James,Thirty One,rnb,4
Joe Moore,A Thousand Lifetimes,rnb,2
Meghan Trainor,Title,rnb,4
Rhiannon Giddens,Tomorrow Is My Turn,rnb,0
Tori Kelly,Unbreakable Smile,rnb,3
Tyler Shaw,Yesterday,rnb,6
Nathaniel Willemse,Yours,rnb,5
Lion Babe,Begin,rnb,3
Nao,For All We Know,rnb,4
Lance Skiiiwalker,Introverted Intuition,rnb,2
Lapsley,Long Way Home,rnb,6
Majid Jordan,Majid Jordan,rnb,7
Zayn,Mind of Mine,rnb,3
Shila Amzah,My Journey,rnb,3
JONES,New Skin,rnb,4
Gallant,Ology,rnb,2
Jack Garratt,Phase,rnb,7
Kilo Kish,Reflections in Real Time,rnb,0
dvsn,SEPT. 5TH,rnb,4
Cana's Voice,This Changes Everything,rnb,0
Nathan Sykes,Unfinished Business,rnb,4
Honne,Warm on a Cold Night,rnb,5
Raleigh Ritchie,You're a Man Now Boy,rnb,6
Cashmere Cat,9,rnb,4
Khalid,American Teen,rnb,3
PnB Rock,Catch These Vibes,rnb,2
Amber Coffman,City of No Reply,rnb,3
SZA,Ctrl,rnb,5
Sevyn Streeter,Girl Disrupted,rnb,3
Gabriel Garzon-Montano,Jardin,rnb,3
Jona Viray,Jona,rnb,7
Sampha,Process,rnb,3
Ruth B,Safe Haven,rnb,3
Kehlani,SweetSexySavage,rnb,3
Kelela,Take Me Apart,rnb,4
Chloe x Halle,The Kids Are Alright,rnb,2
Jorja Smith,Lost & Found,rnb,3
Poo Bear,Poo Bear Presents Bearthday Music,rnb,0
Anne-Marie,Speak Your Mind,rnb,6
Andy Grammer,Andy Grammer,soul,3
Vintage Trouble,The Bomb Shelter Sessions,soul,3
The Horrible Crowes,Elsie,soul,1
Jamala,For Every Heart,soul,3
Graham Alexander,Graham Alexander,soul,0
Alex Clare,The Lateness of the Hour,soul,4
Clare Maguire,Light After Dark,soul,3
Zahara,Loliwe,soul,2
Charles Bradley,No Time for Dreaming,soul,2
Tedeschi Trucks Band,Revelator,soul,0
SBTRKT,SBTRKT,soul,4
The Stepkids,The Stepkids,soul,0
SuperHeavy,SuperHeavy,soul,2
Willis Earl Beal,Acousmatic Sorcery,soul,0
Natalie Duncan,Devil In Me,soul,2
Jessie Ware,Devotion,soul,6
Michael Kiwanuka,Home Again,soul,4
Cold Specks,I Predict a Graceful Expulsion,soul,0
Eve Ai,If You Love Me,soul,3
Marcus Collins,Marcus Collins,soul,2
Aiden Grimshaw,Misty Eye,soul,2
Chantal Claret,The One The Only...,soul,0
Jay James Picton,Play It by Heart...,soul,0
Ren Harvieu,Through The Night,soul,4
Leslie Clio,Gladys,soul,5
Rudimental,Home,soul,8
Wild Belle,Isles,soul,0
The Lone Bellow,The Lone Bellow,soul,0
Tom Odell,Long Way Down,soul,5
Jahmene Douglas,Love Never Fails,soul,2
Valerie June,Pushin' Against a Stone,soul,0
John Newman,Tribute,soul,4
Avicii,TRUE,soul,5
Jeremy Loops,Sheer Sound,soul,0
Ella Henderson,Chapter One,soul,4
Taylor McFerrin,Early Riser,soul,1
Elise Testone,In This Life,soul,0
Jungle,Jungle,soul,4
Unspoken,Unspoken,soul,0
Algiers,Algiers,soul,4
Jordan Feliz,Beloved,soul,0
Andee,Black and White Heart,soul,4
James Bay,Chaos and the Calm,soul,6
Ibeyi,Ibeyi,soul,0
Seinabo Sey,Pretend,soul,3
Son Little,Son Little,soul,0
Ravenhill,Soul,soul,0
Chris Stapleton,Traveller,soul,3
Amanda Black,Amazulu,soul,3
Matt Corby,Telluric,soul,1
Moses Sumney,Aromanticism,soul,3
Rag'n'Bone Man,Human,soul,5
Nothing But You,Meant to Be,soul,0
Frances,Things I've Never Said,soul,7
Ford & Lopatin,Channel Pressure,funk,2
Katie Waissel,Katie Waissel,funk,0
Pascal & Pearce,Passport,funk,0
Don Broco,Automatic,funk,3
Twelve Foot Ninja,Silent Machine,funk,0
7 Days of Funk,7 Days of Funk,funk,1
The 1975,The 1975,funk,5
Mystery Skulls,Forever,funk,4
Nathan East,Nathan East,funk,0
Her Majesty & the Wolves,111,pop,3
CocknBullKid,Adulthood,pop,4
The Adults,The Adults,pop,0
Amanda Fondell,All This Way,pop,1
Cir.Cuz,Alt I Sin Tid,pop,0
Mark Stoermer,Another Life,pop,0
Anthem Lights,Anthem Lights,pop,0
Avion Roe,The Art of Fiction,pop,2
Astro,Astro,pop,0
Howie Dorough,Back to Me,pop,3
Dirty Beaches,Badlands,pop,0
Momoiro Clover Z,Battle and Romance,pop,5
We Are the In Crowd,Best Intentions,pop,4
The Joy Formidable,The Big Roar,pop,6
Birdy,Birdy,pop,4
Anna Rossinelli,Bon Voyage,pop,2
Rainbow Arabia,Boys and Diamonds,pop,0
BiS,Brand-new idol Society,pop,2
Tennis,Cape Dory,pop,0
Chiaki Kuriyama,Circus,pop,19
Collectif Paris-Africa,Collectif Paris-Africa pour l'UNICEF,pop,1
Ringo Deathstarr,Colour Trip,pop,0
Casey Darnell,Coming Alive,pop,0
David Lynch,Crazy Clown Time,pop,4
Still Corners,Creatures of an Hour,pop,0
Cults,Cults,pop,5
Brite Futures,Dark Past,pop,0
Girls Names,Dead to Me,pop,1
Mia Martina,Devotion,pop,6
Beady Eye,Different Gear Still Speeding,pop,5
Emily's Army,Don't Be a Dick,pop,2
Falling in Reverse,The Drug in Me Is You,pop,5
Eli Lieb,Eli Lieb,pop,0
Melanie Laurent,En t'attendant,pop,1
Auryn,Endless Road 7058,pop,5
Gazelle Twin,The Entire City,pop,0
Singing Adams,Everybody Friends Now,pop,0
Dulce Maria,Extranjera - Primera Parte,pop,3
Viva Brother,Famous First Words,pop,3
Austra,Feel It Break,pop,3
Christina Grimmie,Find Me,pop,2
Chris Crocker,The First Bite,pop,2
Girls' Generation,Girls' Generation,pop,3
Little Scream,The Golden Record,pop,0
miwa,Guitarissimo,pop,5
Greyson Chance,Hold On 'til the Night,pop,4
Holy Ghost!,Holy Ghost!,pop,4
Frankie & The Heartstrings,Hunger,pop,5
Erin,Hunningolla,pop,0
Speak,I Believe In Everything,pop,0
Basement,I Wish I Could Stay Here,pop,0
Givers,In Light,pop,0
Pietro Lombardi,Jackpot,pop,1
the JaneDear girls,the JaneDear girls,pop,3
Jonny,Jonny,pop,0
I Fight Dragons,KABOOM!,pop,4
I Am Empire,Kings,pop,3
Matt Cardle,Letters,pop,4
Birgit Bidder,The Life Home,pop,3
Mirrors,Lights and Offerings,pop,4
Stephanie Cayo,Llegare,pop,3
Christina Perri,Lovestrong,pop,3
Go Radio,Lucky Street,pop,2
Mademoiselle Yulia,Mademoworld,pop,2
Matthew Morrison,Matthew Morrison,pop,2
Lisa Matassa,Me Time,pop,0
Can Bonomo,Meczup,pop,3
Stephen Jerzak,Miles and Miles,pop,2
Mary Byrne,Mine & Yours,pop,1
Jamie Woon,Mirrorwriting,pop,2
Charlene Soraia,Moonchild,pop,2
JPM,Moonwalk,pop,5
Seth MacFarlane,Music Is Better Than Words,pop,2
The Cinema,My Blood Is Full of Airplanes,pop,4
Of Monsters and Men,My Head Is an Animal,pop,4
Naela,Naela,pop,4
Grouplove,Never Trust a Happy Song,pop,4
New Look,New Look,pop,0
Lauri Ylonen,New World,pop,3
Dev,The Night the Sun Came Up,pop,3
Bamboo Manalac,No Water No Moon,pop,4
Ninja Sex Party,NSFW,pop,8
Peter Furler,On Fire,pop,3
EMA,Past Life Martyred Saints,pop,4
Penguin Prison,Penguin Prison,pop,0
Natalia Kills,Perfectionist,pop,4
f(x),Pinocchio,pop,2
YuiKaori,Puppy,pop,5
Class Actress,Rapprocher,pop,0
Rebeldes,Rebeldes,pop,3
Dia Frampton,Red,pop,0
Reece Mastin,Reece Mastin,pop,1
Ronan Parke,Ronan Parke,pop,1
Runner Runner,Runner Runner,pop,3
Ivi Adamou,San Ena Oniro,pop,4
Icon for Hire,Scripted,pop,5
Jessica 6,See the Light,pop,0
Title Fight,Shed,pop,0
Mary-Jess Leaverland,Shine,pop,3
Somedaydream,Somedaydream,pop,5
This Century,Sound of Fire,pop,0
Wolf Gang,Suego Faults,pop,0
Paradise Oskar,Sunday Songs,pop,2
DyE,Taki 183,pop,2
MEN,Talk About Body,pop,3
The Groggers,There's No 'I' in Cherem,pop,4
Dillon,This Silence Kills,pop,0
Lucy Spraggan,Top Room at the Zoo,pop,0
Foster the People,Torches,pop,5
Unknown Mortal Orchestra,Unknown Mortal Orchestra,pop,2
One Direction,Up All Night,pop,4
Esben and the Witch,Violet Cries,pop,3
After School,Virgin,pop,3
Kimbra,Vows,pop,6
The Sound of Arrows,Voyage,pop,4
Warr Acres,Warr Acres,pop,0
Swimming With Dolphins,Water Colours,pop,0
Hyland,Weights & Measures,pop,0
Tim Bendzko,Wenn Worte meine Sprache waren,pop,0
Widowspeak,Widowspeak,pop,0
Washed Out,Within and Without,pop,0
Kimberly Caldwell,Without Regret,pop,2
Youth Lagoon,The Year of Hibernation,pop,2
Zoe Badwi,Zoe,pop,5
Demy,#1,pop,7
Summer Heart,About a Feeling,pop,1
Alice Caymmi,Alice Caymmi,pop,0
Titanium,All for You,pop,6
Dog Is Dead,All Our Favourite Stories,pop,0
California Wives,Art History,pop,0
alt-J,An Awesome Wave,pop,7
Matthew E. White,Big Inner,pop,0
ClariS,Birthday,pop,4
Emma Hewitt,Burn The Sky Down,pop,5
Casey Abrams,Casey Abrams,pop,2
My Tiger My Timing,Celeste,pop,4
Lawson,Chapman Square,pop,6
Zedd,Clarity,pop,5
The Collective,The Collective,pop,2
Christopher,Colours,pop,4
Forever Came Calling,Contender,pop,0
Hubert Wu,Couple Getaway,pop,0
Half Moon Run,Dark Eyes,pop,3
Doll$Boxx,Dolls Apartment,pop,0
An Epic No Less,Echo of Love,pop,0
Eme 15,Eme 15,pop,5
Romanthica,Eterno,pop,0
Egoist,Extra terrestrial Biological Entities,pop,2
One Sonic Society,Forever Reign,pop,0
Benjamin Gibbard,Former Lives,pop,0
David Lindgren,Get Started,pop,1
Polica,Give You the Ghost,pop,0
The Gypsy Queens,The Gypsy Queens,pop,0
The Jellyrox,Heta Himlen,pop,0
Moriah Peters,I Choose Jesus,pop,0
iamthemorning,~,pop,0
Icona Pop,Icona Pop,pop,3
Vivid,Infinity,pop,0
Niki and the Dove,Instinct,pop,5
Jennette McCurdy,Jennette McCurdy,pop,1
Kimberley Chen,Kimberley,pop,0
iamamiwhoami,kin,pop,0
Kis-My-Ft2,Kis-My-1st,pop,3
Robin,Koodi,pop,0
Josh Osho,L.i.f.e,pop,0
Haley Reinhart,Listen Up!,pop,1
Stiftelsen,Ljungaverk,pop,0
Zowie,Love Demolition,pop,0
Lukas Graham,Lukas Graham,pop,4
Roberto Bellarosa,Ma voie,pop,3
Producers,Made in Basing Street,pop,0
Friends,Manifest!,pop,0
Alina Devecerski,Music Machine,pop,4
Melody's Echo Chamber,Melody's Echo Chamber,pop,4
Sucre,A Minor Bird,pop,1
Electric Guest,Mondo,pop,0
Farrah Abraham,My Teenage Dream Ended,pop,1
Robin Stjernberg,My Versions,pop,2
Imagine Dragons,Night Visions,pop,5
Sarah De Bono,Sarah De Bono,pop,1
Taryn Southern,On My Face,pop,0
DIIV,Oshin,pop,0
Diandra,Outta My Head,pop,0
Baptiste Giabiconi,Oxygen,pop,2
Chris Wallace,Push Rewind,pop,2
Laurel Halo,Quarantine,pop,0
Ramin Karimloo,Ramin,pop,0
Francesca Michielin,Riflessi di me,pop,3
The Royal Royal,The Royalty,pop,0
The Rubens,The Rubens,pop,0
Youngblood,Running Home to You,pop,2
Samantha Jade,Samantha Jade,pop,19
Moxiie,Savage,pop,3
Iris,Seventeen,pop,3
Rachael Leahcar,Shooting Star,pop,1
Purity Ring,Shrines,pop,4
Victoria Duffield,Shut Up and Dance,pop,4
Jamie McDell,Six Strings and a Sailboat,pop,6
Aimer,Sleepless Nights,pop,7
SpeXial,SpeXial,pop,0
JJAMZ,Suicide Pact,pop,0
People on Vacation,The Summer and the Fall,pop,0
Trust,TRST,pop,0
Stepdad,Wildlife Pop,pop,0
Phillip Phillips,The World from the Side of the Moon,pop,3
WZRD,WZRD,pop,2
1GN,1 Girl Nation,pop,1
Adopted as Holograph,Adopted as Holograph,pop,0
Anitta,Anitta,pop,4
Bastille,Bad Blood,pop,8
Mamadee,Beautiful Soul,pop,2
Broiler,The Beginning,pop,4
Chvrches,The Bones of What You Believe,pop,7
Yohio,Break the Border,pop,2
Kimberley Walsh,Centre Stage,pop,1
Shiritsu Ebisu Chugaku,Chunin,pop,4
Dawid Podsiadlo,Comfort and Happiness,pop,4
Marnie,Crystal World,pop,1
Haim,Days Are Gone,pop,6
Krista Siegfrids,Ding Dong!,pop,3
Phildel,The Disappearance of the Girl,pop,0
Daniel Padilla,DJP,pop,1
Ejecta,Dominae,pop,3
Shine Bright Baby,Dreamers,pop,0
Maite Perroni,Eclipse de Luna,pop,6
Gabrielle Aplin,English Rain,pop,5
Everfound,Everfound,pop,0
Denise Rosenthal,Fiesta,pop,6
State Champs,The Finer Things,pop,0
Havana Brown,Flashing Lights,pop,3
Fatin Shidqia,For You,pop,6
Cassadee Pope,Frame by Frame,pop,2
William Beckett,Genuine & Counterfeit,pop,1
Woodkid,The Golden Age,pop,3
Hannah Rose,Hannah Rose,pop,0
Steve Hare,Cast My Cares,pop,0
JKT48,Heavy Rotation,pop,0
Willy Moon,Here's Willy Moon,pop,2
Janet Devlin,Hide & Seek,pop,1
The Neighbourhood,I Love You.,pop,4
London Grammar,If You Wait,pop,7
Richard & Adam,The Impossible Dream,pop,0
Kodaline,In a Perfect World,pop,5
Capital Cities,In a Tidal Wave of Mystery,pop,4
Guards,In Guards We Trust,pop,1
Peace,In Love,pop,4
Samo,Inevitable,pop,3
Megan Hilty,It Happens All The Time,pop,1
Jackie Thomas,Jackie Thomas,pop,1
Kavka Shishido,Kavkanize,pop,6
Infinite,Koi ni Ochiru Toki,pop,3
Leanne Mitchell,Leanne Mitchell,pop,1
Burna Boy,L.I.F.E - Leaving an Impact for Eternity,pop,5
Silverline,Lights Out,pop,1
R5,Louder,pop,4
Love & the Outcome,Love & the Outcome,pop,0
Christopher Owens,Lysandre,pop,0
Glenn Robinson,Modern Mistakes,pop,0
Clarice Falcao,Monomania,pop,4
Natalie Maines,Mother,pop,0
Tony Scalzo,My Favorite Year,pop,0
The Neverclaim,The Neverclaim,pop,0
Sky Ferreira,Night Time My Time,pop,2
Nina Rodriguez,Nina Rodriguez,pop,1
Noah,Noah,pop,4
Emblem3,Nothing to Lose,pop,2
Emmelie de Forest,Only Teardrops,pop,2
The History of Apple Pie,Out of View,pop,4
Palms,Palms,pop,0
Mayra,Parece Amor,pop,1
Sharon Needles,PG-13,pop,0
La Femme,Psycho Tropical Berlin,pop,0
PUP,PUP,pop,0
Lorde,Pure Heroine,pop,4
Marcus Reeves,Quicksilver - The Masquerade Macabre,pop,4
MS MR,Secondhand Rapture,pop,4
MONEY,The Shadow of Heaven,pop,5
Mallory Knox,Signals,pop,5
Snakadaktal,Sleep in the Water,pop,2
SOLKs MIO,SOLKs MIO,pop,0
Isabella Castillo,Sonar no Cuesta Nada,pop,1
Selena Gomez,Stars Dance,pop,2
Studio Killers,Studio Killers,pop,5
Svenstrup & Vendelboe,Svenstrup & Vendelboe,pop,7
Echosmith,Talking Dreams,pop,5
Taylor Henderson,Taylor Henderson,pop,1
NMB48,Teppen Tottande!,pop,0
Haiku Salut,Tricolore,pop,0
Charli XCX,True Romance,pop,5
Illion,Ubu,pop,2
Union J,Union J,pop,3
A Friend in London,Unite,pop,4
Youngblood Hawke,Wake Up,pop,2
Isac Elliot,Wake Up World,pop,2
St. Lucia,When the Night,pop,0
Swim Deep,Where the Heaven Are We,pop,4
Lucius,Wildewoman,pop,0
Wintergatan,Wintergatan,pop,0
Shane Filan,You and Me,pop,3
5 Seconds of Summer,5 Seconds of Summer,pop,4
Margaret,Add the Blonde,pop,5
Alvvays,Alvvays,pop,3
Andrew McMahon in the Wilderness,Andrew McMahon in the Wilderness,pop,2
Anja Nissen,Anja Nissen,pop,4
Jason Lancaster,As You Are,pop,1
Babymetal,Babymetal,pop,6
Banda do Mar,Banda do Mar,pop,0
Magic Man,Before the Waves,pop,0
In The Valley Below,The Belt,pop,1
Hamilton Leithauser,Black Hours,pop,0
Lo-Fang,Blue Film,pop,1
The Preatures,Blue Planet Eyes,pop,0
Sheppard,Bombs Away,pop,5
Benny Tipene,Bricks,pop,3
Christine and the Queens,Chaleur humaine,pop,7
City Harbor,City Harbor,pop,0
The Colourist,The Colourist,pop,2
Crosses,Crosses,pop,2
September Girls,Cursing the Sea,pop,0
Beatrice Eli,Die Another Day,pop,2
Magic!,Don't Kill the Magic,pop,4
Flight Facilities,Down to Earth,pop,6
Kurt Travis,Everything Is Beautiful,pop,1
Fairies,Fairies,pop,7
Freeman,Freeman,pop,0
Foxes,Glorious,pop,4
Gnarwolves,Gnarwolves,pop,1
Milica Pavlovic,Govor tela Body Language,pop,8
The Madden Brothers,Greetings from California,pop,12
Nothing,Guilty of Everything,pop,1
Haerts,Haerts,pop,1
Leighton Meester,Heartstrings,pop,1
Little Daylight,Hello Memory,pop,1
Gerard Way,Hesitant Alien,pop,2
Tim Campbell,High School Disco,pop,0
Kian Egan,Home,pop,2
Max Collins,Honey from the Icebox,pop,1
Oscar Zia,I Don't Know How to Dance,pop,3
Loftland,I Don't Want to Dance,pop,0
Moose Blood,I'll Keep You in Mind from Time to Time,pop,0
Vianney,Idees blanches,pop,5
Nicholas McDonald,In the Arms of an Angel,pop,1
Electric Youth,Innerworld,pop,0
Alex & Sierra,It's About Us,pop,2
Kathryn Bernardo,Kathryn,pop,3
Kitten,Kitten,pop,0
Justice Crew,Live by the Words,pop,6
Dirty Loops,Loopified,pop,0
Lea Michele,Louder,pop,2
Real Friends,Maybe This Place Is the Same and We're Just Changing,pop,3
McBusted,McBusted,pop,2
The Vamps,Meet the Vamps,pop,5
Indila,Mini World,pop,5
Missing Persons,Missing In Action,pop,1
Clean Bandit,New Eyes,pop,8
MO,No Mythologies to Follow,pop,7
The Split Squad,Now Hear This...,pop,0
The Fooo,Off the Grid,pop,2
Nina Nesbitt,Peroxide,pop,1
Karmin,Pulses,pop,2
Tove Lo,Queen of the Clouds,pop,4
Skrillex,Recess,pop,4
Tomomi Itano,SxWxAxG,pop,5
Anette Olzon,Shine,pop,2
Shiori Niiyama,Shiori,pop,4
Collabro,Stars,pop,0
Chrissie Hynde,Stockholm,pop,3
Bleachers,Strange Desire,pop,4
Dan Croll,Sweet Disarray,pop,4
Sylvan Esso,Sylvan Esso,pop,4
Betty Who,Take Me When You Go,pop,3
Chumped,Teenage Retirement,pop,0
Danilla,Telisik,pop,0
Lena Katina,This Is Who I Am,pop,4
East India Youth,Total Strife Forever,pop,0
JTR,Touchdown,pop,1
Kim Cesarion,Undressed,pop,3
Madeline Juno,The Unknown,pop,2
Ben Aqua,Virtual Anticipation,pop,0
NONONO,We Are Only What We Feel,pop,4
PVRIS,White Noise,pop,2
Neck Deep,Wishful Thinking,pop,3
Noosa,Wonderland,pop,0
Porter Robinson,Worlds,pop,4
Grant Nicholas,Yorktown Heights,pop,0
Mike Score,Zeebratta,pop,2
Amber Run,5am,pop,0
AOA,Ace of Angels,pop,3
Madeon,Adventure,pop,5
Chiquis Rivera,Ahora,pop,5
Steve Grand,All American Boy,pop,4
Halsey,Badlands,pop,4
Miss Fame,Beauty Marked,pop,3
SOAK,Before We Forgot How to Dream,pop,0
Ben Haenow,Ben Haenow,pop,2
Dear Rouge,Black To Gold,pop,4
BiSH,Brand-new idol SHiT,pop,0
Louane,Chambre 12,pop,6
Years & Years,Communion,pop,8
Conchita Wurst,Conchita,pop,4
Melanie Martinez,Cry Baby,pop,4
Zoe,Debut,pop,4
Borns,Dopamine,pop,5
Fantine Tho,Only Human,pop,0
Alvaro Soler,Eterno agosto,pop,5
Deradoorian,The Expanding Flower Planet,pop,0
Sabrina Carpenter,Eyes Wide Open,pop,4
Michelle Chamuel,Face the Fire,pop,3
FFS,FFS,pop,3
Markus Feehily,Fire,pop,4
The Gray Havens,Fire and Stone,pop,0
Juice=Juice,First Squeeze!,pop,7
Kelsea Ballerini,The First Time,pop,4
Ryn Weaver,The Fool,pop,2
Mbongwana Star,From Kinshasa,pop,0
Tobias Jesso Jr.,Goon,pop,2
Nate Ruess,Grand Romantic,pop,5
Kate Pierson,Guitars and Microphones,pop,0
Marie Ueda,Hanashi wa Sorekara da,pop,2
Shawn Mendes,Handwritten,pop,4
Marcus & Martinus,Hei,pop,8
HomeTown,HomeTown,pop,4
Joywave,How Do You Feel Now?,pop,4
Jess Glynne,I Cry When I Laugh,pop,6
Jamie Lawson,Jamie Lawson,pop,5
Andrea Faustini,Kelly,pop,0
Zella Day,Kicker,pop,3
Garnidelia,Linkage Ring,pop,4
Annaleigh Ashford,Lost in the Stars: Live at 54 Below,pop,1
Elle King,Love Stuff,pop,3
Smallpools,Lovetap,pop,0
Morissette Amon,Morissette,pop,2
Natalie Prass,Natalie Prass,pop,1
As It Is,Never Happy Ever After,pop,3
Josef Salvat,Night Swim,pop,0
Indiana,No Romeo,pop,6
Bea Miller,Not an Apology,pop,2
Oh Wonder,Oh Wonder,pop,15
MisterWives,Our Own House,pop,2
Ginny Blackmore,Over the Moon,pop,5
No Devotion,Permanence,pop,4
Galantis,Pharmacy,pop,6
Will Butler,Policy,pop,0
Sophie,Product,pop,8
Lyca Gairanod,Puede Nang Mangarap,pop,2
Real Lies,Real Life,pop,3
Revolution Saints,Revolution Saints,pop,4
Ann Sophie,Silver Into Gold,pop,2
The Wainwright Sisters,Songs in the Dark,pop,0
Sophia Abrahao,Sophia Abrahao,pop,1
Meg Myers,Sorry,pop,0
Cheerleader,The Sunshine of Your Youth,pop,0
Swiss Lips,Swiss Lips,pop,0
Emily Kinney,This Is War,pop,2
Mikky Ekko,Time,pop,2
Nogizaka46,Tomei na Iro,pop,10
Rae Morris,Unguarded,pop,7
X Ambassadors,VHS,pop,4
Emile Haynie,We Fall,pop,1
Ykiki Beat,When the World is Wide,pop,2
Alexander Armstrong,A Year of Songs,pop,0
Sarsa,Zapomnij mi,pop,4
Anavitoria,Anavitoria,pop,0
Blossoms,Blossoms,pop,8
Kero Kero Bonito,Bonito Generation,pop,6
Caper Clowns,The Buca Bus,pop,0
Zach Williams,Chain Breaker,pop,3
Bradley Walsh,Chasing Dreams,pop,0
Client Liaison,Diplomatic Immunity,pop,4
The Lemon Twigs,Do Hollywood,pop,2
The Mute Gods,Do Nothing till You Hear from Me,pop,0
Wet,Don't You,pop,0
Curt Anderson,Every Moment,pop,0
Francis and the Lights,Farewell Starlite!,pop,2
Jessica Sutta,Feline Resurrection,pop,5
Consumed by Fire,Giving Over,pop,0
Maren Morris,Hero,pop,4
DMA's,Hills End,pop,6
Anohni,Hopelessness,pop,2
Mako,Hourglass,pop,4
Nick Fradiani,Hurricane,pop,2
Against The Current,In Our Bones,pop,4
Safia,Internal,pop,4
Alex Cameron,Jumping the Shark,pop,0
I Prevail,Lifelines,pop,4
Whitney,Light Upon the Lake,pop,3
All Tvvins,llVV,pop,5
CRX,New Skin,pop,2
Charlie Puth,Nine Track Mind,pop,3
Shura,Nothing's Real,pop,8
CNCO,Primera Cita,pop,0
Japanese Breakfast,Psychopomp,pop,0
Sayaka Yamamoto,Rainbow,pop,0
Nina Kraljic,Samo,pop,4
Andy Black,The Shadow Side,pop,1
Jordan Smith,Something Beautiful,pop,1
Nicky Byrne,Sunlight,pop,2
TINI,TINI (Martina Stoessel),pop,4
Cimorelli,Up at Night,pop,0
Virginia to Vegas,Utopian,pop,4
Viola Beach,Viola Beach,pop,2
We Are Messengers,We Are Messengers,pop,0
Pearl City Worship,We Won't Be Silent,pop,0
Urban Rescue,Wild Heart,pop,0
Rachel Platten,Wildfire,pop,3
Alfie Arcuri,Zenith,pop,1
Liam Gallagher,As You Were,pop,5
Alexandra Savior,Belladonna of Sadness,pop,5
Cigarettes After Sex,Cigarettes After Sex,pop,4
Allie X,CollXtion II,pop,3
Judah Kelly,Count On Me,pop,2
Austin Mahone,Dirty Work,pop,3
GJan,Do It,pop,3
Dua Lipa,Dua Lipa,pop,8
Can't Swim,Fail You Again,pop,0
Beth Ditto,Fake Sugar,pop,0
Niall Horan,Flicker,pop,4
Superfruit,Future Friends,pop,0
Gizmodrome,Gizmodrome,pop,0
TC&I,Great Aspirations,pop,0
Charly Bliss,Guppy,pop,4
Harry Styles,Harry Styles,pop,3
Wincent Weiss,Irgendwas gegen die Stille,pop,3
Grace VanderWaal,Just the Beginning,pop,2
LANY,LANY,pop,6
Sofia Reyes,Louder!,pop,4
Meg Mac,Low Blows,pop,2
the Chainsmokers,Memories...Do Not Open,pop,3
Sayuri,Mikazuki no Koukai,pop,5
Joe Scarborough,Mystified,pop,0
Mito Natsume,Natsumelo,pop,4
Sheer Mag,Need To Feel Your Love,pop,3
Poppy,Poppy.Computer,pop,7
Lindsay Ell,The Project,pop,2
Vancouver Sleep Clinic,Revival,pop,4
Exit Eden,Rhapsodies in Black,pop,0
Shekhinah,Rose Gold,pop,2
Sheridan Smith,Sheridan,pop,3
Aquilo,Silhouettes,pop,4
Caitlyn Shadbolt,Songs on My Sleeve,pop,0
Luke Combs,This One's for You,pop,3
Allison Crutchfield,Tourist In This Town,pop,0
Matt Terry,Trouble,pop,1
Slotface,Try Not to Freak Out,pop,0
Levina,Unexpected,pop,1
Pabllo Vittar,Vai Passar Mal,pop,6
Una Healy,The Waiting Game,pop,2
Russell Dickerson,Yours,pop,2
Camila Cabello,Camila,pop,2
Devin Dawson,Dark Horse,pop,0
Dita Von Teese,Dita Von Teese,pop,1
Bebe Rexha,Expectations,pop,1
Hayley Kiyoko,Expectations,pop,3
Lo Moon,Lo Moon,pop,0
Calum Scott,Only Human,pop,3
Angie,Suicidal Since 1995,pop,2
Superorganism,Superorganism,pop,6
The Academic,Tales from the Backseat,pop,4